<?xml version="1.0" encoding="UTF-8"?>

<!-- generated on 2021-06-18 16:28:59 by Eclipse SUMO netconvert Version 1.9.2
<configuration xmlns:xsi="http://www.w3.org/2001/XMLSchema-instance" xsi:noNamespaceSchemaLocation="http://sumo.dlr.de/xsd/netconvertConfiguration.xsd">

    <input>
        <opendrive-files value="multi_intersections.xodr"/>
    </input>

    <output>
        <output-file value="multi_intersections.net.xml"/>
    </output>

    <processing>
        <geometry.max-grade.fix value="false"/>
    </processing>

    <tls_building>
        <tls.left-green.time value="0"/>
    </tls_building>

    <junctions>
        <no-internal-links value="false"/>
        <no-turnarounds.except-deadend value="true"/>
        <junctions.scurve-stretch value="1"/>
        <rectangular-lane-cut value="true"/>
    </junctions>

    <report>
        <aggregate-warnings value="5"/>
    </report>

</configuration>
-->

<net version="1.9" junctionCornerDetail="5" rectangularLaneCut="true" limitTurnSpeed="5.50" xmlns:xsi="http://www.w3.org/2001/XMLSchema-instance" xsi:noNamespaceSchemaLocation="http://sumo.dlr.de/xsd/net_file.xsd">

    <location netOffset="-50.00,240.00" convBoundary="0.00,0.00,600.00,480.00" origBoundary="50.00,-240.00,650.00,240.00" projParameter="!"/>

    <type id="bidirectional" priority="1" speed="1.39" disallow="pedestrian tram rail_urban rail rail_electric rail_fast ship" width="3.65"/>
    <type id="border" priority="0" speed="1.39" disallow="all" discard="1" width="0.10"/>
    <type id="driving" priority="1" speed="13.89" disallow="pedestrian tram rail_urban rail rail_electric rail_fast ship" width="3.65"/>
    <type id="entry" priority="1" speed="22.22" disallow="pedestrian tram rail_urban rail rail_electric rail_fast ship" width="3.65"/>
    <type id="exit" priority="1" speed="22.22" disallow="pedestrian tram rail_urban rail rail_electric rail_fast ship" width="3.65"/>
    <type id="median" priority="0" speed="1.39" disallow="all" discard="1" width="0.10"/>
    <type id="mwyEntry" priority="1" speed="22.22" allow="private emergency authority army vip passenger hov taxi bus coach delivery truck trailer motorcycle evehicle custom1 custom2" width="3.65"/>
    <type id="mwyExit" priority="1" speed="22.22" allow="private emergency authority army vip passenger hov taxi bus coach delivery truck trailer motorcycle evehicle custom1 custom2" width="3.65"/>
    <type id="none" priority="0" speed="1.39" disallow="all" discard="1" width="1.00"/>
    <type id="offRamp" priority="1" speed="22.22" allow="private emergency authority army vip passenger hov taxi bus coach delivery truck trailer motorcycle evehicle custom1 custom2" width="3.65"/>
    <type id="onRamp" priority="1" speed="22.22" allow="private emergency authority army vip passenger hov taxi bus coach delivery truck trailer motorcycle evehicle custom1 custom2" width="3.65"/>
    <type id="parking" priority="1" speed="1.39" disallow="pedestrian tram rail_urban rail rail_electric rail_fast ship" width="2.50"/>
    <type id="rail" priority="3" speed="33.33" allow="rail_urban rail rail_electric rail_fast" width="3.65"/>
    <type id="restricted" priority="0" speed="13.89" disallow="all" width="3.65"/>
    <type id="roadWorks" priority="0" speed="1.39" allow="authority" width="3.65"/>
    <type id="shoulder" priority="0" speed="1.39" disallow="all" discard="1" width="1.00"/>
    <type id="special1" priority="1" speed="22.22" allow="custom1" discard="1" width="3.65"/>
    <type id="special2" priority="1" speed="22.22" allow="custom2" discard="1" width="3.65"/>
    <type id="special3" priority="1" speed="22.22" allow="custom1 custom2" discard="1" width="3.65"/>
    <type id="stop" priority="1" speed="13.89" disallow="pedestrian tram rail_urban rail rail_electric rail_fast ship" width="3.65"/>
    <type id="tram" priority="2" speed="13.89" allow="tram" width="3.65"/>

    <edge id=":146_0" function="internal">
        <lane id=":146_0_0" index="0" disallow="pedestrian tram rail_urban rail rail_electric rail_fast ship" speed="8.18" length="14.72" width="3.75" shape="238.13,251.00 237.55,247.01 235.84,244.16 232.99,242.45 229.00,241.88">
            <param key="signalID" value="291"/>
        </lane>
    </edge>
    <edge id=":146_1" function="internal">
        <lane id=":146_1_0" index="0" disallow="pedestrian tram rail_urban rail rail_electric rail_fast ship" speed="13.89" length="23.00" width="3.75" shape="238.13,251.00 238.13,228.00">
            <param key="signalID" value="291"/>
        </lane>
    </edge>
    <edge id=":146_2" function="internal">
        <lane id=":146_2_0" index="0" disallow="pedestrian tram rail_urban rail rail_electric rail_fast ship" speed="9.61" length="7.77" width="3.75" shape="238.13,251.00 238.93,245.37 240.00,243.58">
            <param key="signalID" value="291"/>
        </lane>
    </edge>
    <edge id=":146_12" function="internal">
        <lane id=":146_12_0" index="0" disallow="pedestrian tram rail_urban rail rail_electric rail_fast ship" speed="9.61" length="12.99" width="3.75" shape="240.00,243.58 241.34,241.34 245.37,238.93 251.00,238.13">
            <param key="signalID" value="291"/>
        </lane>
    </edge>
    <edge id=":146_3" function="internal">
        <lane id=":146_3_0" index="0" disallow="pedestrian tram rail_urban rail rail_electric rail_fast ship" speed="8.18" length="14.72" width="3.75" shape="251.00,241.88 247.01,242.45 244.16,244.16 242.45,247.01 241.88,251.00"/>
    </edge>
    <edge id=":146_4" function="internal">
        <lane id=":146_4_0" index="0" disallow="pedestrian tram rail_urban rail rail_electric rail_fast ship" speed="13.89" length="22.00" width="3.75" shape="251.00,241.88 229.00,241.88"/>
    </edge>
    <edge id=":146_5" function="internal">
        <lane id=":146_5_0" index="0" disallow="pedestrian tram rail_urban rail rail_electric rail_fast ship" speed="9.79" length="12.96" width="3.75" shape="251.00,241.88 245.37,241.01 241.34,238.41 240.14,236.25"/>
    </edge>
    <edge id=":146_13" function="internal">
        <lane id=":146_13_0" index="0" disallow="pedestrian tram rail_urban rail rail_electric rail_fast ship" speed="9.79" length="8.62" width="3.75" shape="240.14,236.25 238.93,234.07 238.13,228.00"/>
    </edge>
    <edge id=":146_6" function="internal">
        <lane id=":146_6_0" index="0" disallow="pedestrian tram rail_urban rail rail_electric rail_fast ship" speed="7.62" length="12.58" width="3.75" shape="241.88,228.00 242.45,230.79 244.16,232.78 247.01,233.98 251.00,234.38">
            <param key="signalID" value="281"/>
        </lane>
    </edge>
    <edge id=":146_7" function="internal">
        <lane id=":146_7_0" index="0" disallow="pedestrian tram rail_urban rail rail_electric rail_fast ship" speed="13.89" length="23.00" width="3.75" shape="241.88,228.00 241.88,251.00">
            <param key="signalID" value="281"/>
        </lane>
    </edge>
    <edge id=":146_8" function="internal">
        <lane id=":146_8_0" index="0" disallow="pedestrian tram rail_urban rail rail_electric rail_fast ship" speed="9.79" length="8.32" width="3.75" shape="241.88,228.00 241.07,234.07 240.00,235.99">
            <param key="signalID" value="281"/>
        </lane>
    </edge>
    <edge id=":146_14" function="internal">
        <lane id=":146_14_0" index="0" disallow="pedestrian tram rail_urban rail rail_electric rail_fast ship" speed="9.79" length="13.25" width="3.75" shape="240.00,235.99 238.66,238.41 234.63,241.01 229.00,241.88">
            <param key="signalID" value="281"/>
        </lane>
    </edge>
    <edge id=":146_9" function="internal">
        <lane id=":146_9_0" index="0" disallow="pedestrian tram rail_urban rail rail_electric rail_fast ship" speed="7.62" length="12.58" width="3.75" shape="229.00,234.38 232.99,233.98 235.84,232.78 237.55,230.79 238.13,228.00"/>
    </edge>
    <edge id=":146_10" function="internal">
        <lane id=":146_10_0" index="0" disallow="pedestrian tram rail_urban rail rail_electric rail_fast ship" speed="13.89" length="22.00" width="3.75" shape="229.00,234.38 251.00,234.38"/>
    </edge>
    <edge id=":146_11" function="internal">
        <lane id=":146_11_0" index="0" disallow="pedestrian tram rail_urban rail rail_electric rail_fast ship" speed="9.61" length="7.77" width="3.75" shape="229.00,238.13 234.63,238.93 236.42,240.00"/>
    </edge>
    <edge id=":146_15" function="internal">
        <lane id=":146_15_0" index="0" disallow="pedestrian tram rail_urban rail rail_electric rail_fast ship" speed="9.61" length="12.99" width="3.75" shape="236.42,240.00 238.66,241.34 241.07,245.37 241.88,251.00"/>
    </edge>
    <edge id=":148_0" function="internal">
        <lane id=":148_0_0" index="0" disallow="pedestrian tram rail_urban rail rail_electric rail_fast ship" speed="13.89" length="22.00" width="3.75" shape="-1.87,251.00 -1.87,229.00">
            <param key="signalID" value="9385"/>
        </lane>
    </edge>
    <edge id=":148_1" function="internal">
        <lane id=":148_1_0" index="0" disallow="pedestrian tram rail_urban rail rail_electric rail_fast ship" speed="9.61" length="7.77" width="3.75" shape="-1.87,251.00 -1.07,245.37 0.00,243.58">
            <param key="signalID" value="9385"/>
        </lane>
    </edge>
    <edge id=":148_6" function="internal">
        <lane id=":148_6_0" index="0" disallow="pedestrian tram rail_urban rail rail_electric rail_fast ship" speed="9.61" length="12.99" width="3.75" shape="0.00,243.58 1.34,241.34 5.37,238.93 11.00,238.13">
            <param key="signalID" value="9385"/>
        </lane>
    </edge>
    <edge id=":148_2" function="internal">
        <lane id=":148_2_0" index="0" disallow="pedestrian tram rail_urban rail rail_electric rail_fast ship" speed="8.18" length="14.72" width="3.75" shape="11.00,241.88 7.01,242.45 4.16,244.16 2.45,247.01 1.88,251.00">
            <param key="signalID" value="6351"/>
        </lane>
    </edge>
    <edge id=":148_3" function="internal">
        <lane id=":148_3_0" index="0" disallow="pedestrian tram rail_urban rail rail_electric rail_fast ship" speed="9.61" length="20.76" width="3.75" shape="11.00,241.88 5.37,241.07 1.34,238.66 -1.07,234.63 -1.87,229.00">
            <param key="signalID" value="6351"/>
        </lane>
    </edge>
    <edge id=":148_4" function="internal">
        <lane id=":148_4_0" index="0" disallow="pedestrian tram rail_urban rail rail_electric rail_fast ship" speed="8.18" length="14.72" width="3.75" shape="1.88,229.00 2.45,232.99 4.16,235.84 7.01,237.55 11.00,238.13">
            <param key="signalID" value="3318"/>
        </lane>
    </edge>
    <edge id=":148_5" function="internal">
        <lane id=":148_5_0" index="0" disallow="pedestrian tram rail_urban rail rail_electric rail_fast ship" speed="13.89" length="22.00" width="3.75" shape="1.88,229.00 1.88,251.00">
            <param key="signalID" value="3318"/>
        </lane>
    </edge>
    <edge id=":150_0" function="internal">
        <lane id=":150_0_0" index="0" disallow="pedestrian tram rail_urban rail rail_electric rail_fast ship" speed="8.18" length="14.72" width="3.75" shape="478.13,251.00 477.55,247.01 475.84,244.16 472.99,242.45 469.00,241.88">
            <param key="signalID" value="15441"/>
        </lane>
    </edge>
    <edge id=":150_1" function="internal">
        <lane id=":150_1_0" index="0" disallow="pedestrian tram rail_urban rail rail_electric rail_fast ship" speed="13.89" length="22.00" width="3.75" shape="478.13,251.00 478.13,229.00">
            <param key="signalID" value="15441"/>
        </lane>
    </edge>
    <edge id=":150_2" function="internal">
        <lane id=":150_2_0" index="0" disallow="pedestrian tram rail_urban rail rail_electric rail_fast ship" speed="9.61" length="7.77" width="3.75" shape="478.13,251.00 478.93,245.37 480.00,243.58">
            <param key="signalID" value="15441"/>
        </lane>
    </edge>
    <edge id=":150_12" function="internal">
        <lane id=":150_12_0" index="0" disallow="pedestrian tram rail_urban rail rail_electric rail_fast ship" speed="9.61" length="12.99" width="3.75" shape="480.00,243.58 481.34,241.34 485.37,238.93 491.00,238.13">
            <param key="signalID" value="15441"/>
        </lane>
    </edge>
    <edge id=":150_3" function="internal">
        <lane id=":150_3_0" index="0" disallow="pedestrian tram rail_urban rail rail_electric rail_fast ship" speed="8.18" length="14.72" width="3.75" shape="491.00,241.88 487.01,242.45 484.16,244.16 482.45,247.01 481.88,251.00">
            <param key="signalID" value="12408"/>
        </lane>
    </edge>
    <edge id=":150_4" function="internal">
        <lane id=":150_4_0" index="0" disallow="pedestrian tram rail_urban rail rail_electric rail_fast ship" speed="13.89" length="22.00" width="3.75" shape="491.00,241.88 469.00,241.88">
            <param key="signalID" value="12408"/>
        </lane>
    </edge>
    <edge id=":150_5" function="internal">
        <lane id=":150_5_0" index="0" disallow="pedestrian tram rail_urban rail rail_electric rail_fast ship" speed="9.61" length="7.77" width="3.75" shape="491.00,241.88 485.37,241.07 483.58,240.00">
            <param key="signalID" value="12408"/>
        </lane>
    </edge>
    <edge id=":150_13" function="internal">
        <lane id=":150_13_0" index="0" disallow="pedestrian tram rail_urban rail rail_electric rail_fast ship" speed="9.61" length="12.99" width="3.75" shape="483.58,240.00 481.34,238.66 478.93,234.63 478.13,229.00">
            <param key="signalID" value="12408"/>
        </lane>
    </edge>
    <edge id=":150_6" function="internal">
        <lane id=":150_6_0" index="0" disallow="pedestrian tram rail_urban rail rail_electric rail_fast ship" speed="8.18" length="14.72" width="3.75" shape="481.88,229.00 482.45,232.99 484.16,235.84 487.01,237.55 491.00,238.13">
            <param key="signalID" value="21495"/>
        </lane>
    </edge>
    <edge id=":150_7" function="internal">
        <lane id=":150_7_0" index="0" disallow="pedestrian tram rail_urban rail rail_electric rail_fast ship" speed="13.89" length="22.00" width="3.75" shape="481.88,229.00 481.88,251.00">
            <param key="signalID" value="21495"/>
        </lane>
    </edge>
    <edge id=":150_8" function="internal">
        <lane id=":150_8_0" index="0" disallow="pedestrian tram rail_urban rail rail_electric rail_fast ship" speed="9.61" length="7.77" width="3.75" shape="481.88,229.00 481.07,234.63 480.00,236.42">
            <param key="signalID" value="21495"/>
        </lane>
    </edge>
    <edge id=":150_14" function="internal">
        <lane id=":150_14_0" index="0" disallow="pedestrian tram rail_urban rail rail_electric rail_fast ship" speed="9.61" length="12.99" width="3.75" shape="480.00,236.42 478.66,238.66 474.63,241.07 469.00,241.88">
            <param key="signalID" value="21495"/>
        </lane>
    </edge>
    <edge id=":150_9" function="internal">
        <lane id=":150_9_0" index="0" disallow="pedestrian tram rail_urban rail rail_electric rail_fast ship" speed="8.18" length="14.72" width="3.75" shape="469.00,238.13 472.99,237.55 475.84,235.84 477.55,232.99 478.13,229.00">
            <param key="signalID" value="18475"/>
        </lane>
    </edge>
    <edge id=":150_10" function="internal">
        <lane id=":150_10_0" index="0" disallow="pedestrian tram rail_urban rail rail_electric rail_fast ship" speed="13.89" length="22.00" width="3.75" shape="469.00,238.13 491.00,238.13">
            <param key="signalID" value="18475"/>
        </lane>
    </edge>
    <edge id=":150_11" function="internal">
        <lane id=":150_11_0" index="0" disallow="pedestrian tram rail_urban rail rail_electric rail_fast ship" speed="9.61" length="7.77" width="3.75" shape="469.00,238.13 474.63,238.93 476.42,240.00">
            <param key="signalID" value="18475"/>
        </lane>
    </edge>
    <edge id=":150_15" function="internal">
        <lane id=":150_15_0" index="0" disallow="pedestrian tram rail_urban rail rail_electric rail_fast ship" speed="9.61" length="12.99" width="3.75" shape="476.42,240.00 478.66,241.34 481.07,245.37 481.88,251.00">
            <param key="signalID" value="18475"/>
        </lane>
    </edge>
    <edge id=":152_0" function="internal">
        <lane id=":152_0_0" index="0" disallow="pedestrian tram rail_urban rail rail_electric rail_fast ship" speed="13.89" length="22.00" width="3.75" shape="251.00,481.88 229.00,481.88">
            <param key="signalID" value="30595"/>
        </lane>
    </edge>
    <edge id=":152_1" function="internal">
        <lane id=":152_1_0" index="0" disallow="pedestrian tram rail_urban rail rail_electric rail_fast ship" speed="9.61" length="7.77" width="3.75" shape="251.00,481.88 245.37,481.07 243.58,480.00">
            <param key="signalID" value="30595"/>
        </lane>
    </edge>
    <edge id=":152_6" function="internal">
        <lane id=":152_6_0" index="0" disallow="pedestrian tram rail_urban rail rail_electric rail_fast ship" speed="9.61" length="12.99" width="3.75" shape="243.58,480.00 241.34,478.66 238.93,474.63 238.12,469.00">
            <param key="signalID" value="30595"/>
        </lane>
    </edge>
    <edge id=":152_2" function="internal">
        <lane id=":152_2_0" index="0" disallow="pedestrian tram rail_urban rail rail_electric rail_fast ship" speed="8.18" length="14.72" width="3.75" shape="241.87,469.00 242.45,472.99 244.16,475.84 247.01,477.55 251.00,478.13">
            <param key="signalID" value="27561"/>
        </lane>
    </edge>
    <edge id=":152_3" function="internal">
        <lane id=":152_3_0" index="0" disallow="pedestrian tram rail_urban rail rail_electric rail_fast ship" speed="9.61" length="20.76" width="3.75" shape="241.87,469.00 241.07,474.63 238.66,478.66 234.63,481.07 229.00,481.88">
            <param key="signalID" value="27561"/>
        </lane>
    </edge>
    <edge id=":152_4" function="internal">
        <lane id=":152_4_0" index="0" disallow="pedestrian tram rail_urban rail rail_electric rail_fast ship" speed="8.18" length="14.72" width="3.75" shape="229.00,478.13 232.99,477.55 235.84,475.84 237.55,472.99 238.12,469.00">
            <param key="signalID" value="24528"/>
        </lane>
    </edge>
    <edge id=":152_5" function="internal">
        <lane id=":152_5_0" index="0" disallow="pedestrian tram rail_urban rail rail_electric rail_fast ship" speed="13.89" length="22.00" width="3.75" shape="229.00,478.13 251.00,478.13">
            <param key="signalID" value="24528"/>
        </lane>
    </edge>
    <edge id=":154_0" function="internal">
        <lane id=":154_0_0" index="0" disallow="pedestrian tram rail_urban rail rail_electric rail_fast ship" speed="8.18" length="14.72" width="3.75" shape="238.13,11.00 237.55,7.01 235.84,4.16 232.99,2.45 229.00,1.88">
            <param key="signalID" value="36651"/>
        </lane>
    </edge>
    <edge id=":154_1" function="internal">
        <lane id=":154_1_0" index="0" disallow="pedestrian tram rail_urban rail rail_electric rail_fast ship" speed="9.61" length="20.76" width="3.75" shape="238.13,11.00 238.93,5.37 241.34,1.34 245.37,-1.07 251.00,-1.87">
            <param key="signalID" value="36651"/>
        </lane>
    </edge>
    <edge id=":154_2" function="internal">
        <lane id=":154_2_0" index="0" disallow="pedestrian tram rail_urban rail rail_electric rail_fast ship" speed="8.18" length="14.72" width="3.75" shape="251.00,1.88 247.01,2.45 244.16,4.16 242.45,7.01 241.88,11.00">
            <param key="signalID" value="33618"/>
        </lane>
    </edge>
    <edge id=":154_3" function="internal">
        <lane id=":154_3_0" index="0" disallow="pedestrian tram rail_urban rail rail_electric rail_fast ship" speed="13.89" length="22.00" width="3.75" shape="251.00,1.88 229.00,1.88">
            <param key="signalID" value="33618"/>
        </lane>
    </edge>
    <edge id=":154_4" function="internal">
        <lane id=":154_4_0" index="0" disallow="pedestrian tram rail_urban rail rail_electric rail_fast ship" speed="13.89" length="22.00" width="3.75" shape="229.00,-1.87 251.00,-1.87">
            <param key="signalID" value="39685"/>
        </lane>
    </edge>
    <edge id=":154_5" function="internal">
        <lane id=":154_5_0" index="0" disallow="pedestrian tram rail_urban rail rail_electric rail_fast ship" speed="9.61" length="7.77" width="3.75" shape="229.00,-1.87 234.63,-1.07 236.42,0.00">
            <param key="signalID" value="39685"/>
        </lane>
    </edge>
    <edge id=":154_6" function="internal">
        <lane id=":154_6_0" index="0" disallow="pedestrian tram rail_urban rail rail_electric rail_fast ship" speed="9.61" length="12.99" width="3.75" shape="236.42,0.00 238.66,1.34 241.07,5.37 241.88,11.00">
            <param key="signalID" value="39685"/>
        </lane>
    </edge>
    <edge id=":202.46.76_0" function="internal">
        <lane id=":202.46.76_0_0" index="0" disallow="pedestrian tram rail_urban rail rail_electric rail_fast ship" speed="13.89" length="6.33" width="3.75" shape="185.40,241.88 179.08,241.88"/>
    </edge>
    <edge id=":202.46.76_1" function="internal">
        <lane id=":202.46.76_1_0" index="0" disallow="pedestrian tram rail_urban rail rail_electric rail_fast ship" speed="13.89" length="6.58" width="3.75" shape="179.08,236.36 181.00,236.05 182.24,235.37 183.48,234.69 185.40,234.38">
            <param key="signalID" value="295"/>
        </lane>
        <lane id=":202.46.76_1_1" index="1" allow="emergency authority" speed="13.89" length="6.58" width="3.75" shape="179.08,239.12 180.97,238.96 182.24,238.62 183.51,238.28 185.40,238.13">
            <param key="signalID" value="295"/>
        </lane>
    </edge>
    <edge id=":209.46.76_0" function="internal">
        <lane id=":209.46.76_0_0" index="0" disallow="pedestrian tram rail_urban rail rail_electric rail_fast ship" speed="13.89" length="3.00" width="3.75" shape="299.26,241.88 296.26,241.88">
            <param key="signalID" value="288"/>
        </lane>
    </edge>
    <edge id=":209.46.76_1" function="internal">
        <lane id=":209.46.76_1_0" index="0" allow="emergency authority" speed="13.89" length="3.11" width="1.76" shape="296.26,234.38 297.17,234.53 297.76,234.87 298.35,235.21 299.26,235.37"/>
        <lane id=":209.46.76_1_1" index="1" disallow="pedestrian tram rail_urban rail rail_electric rail_fast ship" speed="13.89" length="3.11" width="3.75" shape="296.26,238.13 299.26,238.13"/>
    </edge>
    <edge id=":222.202_0" function="internal">
        <lane id=":222.202_0_0" index="0" disallow="pedestrian tram rail_urban rail rail_electric rail_fast ship" speed="13.89" length="8.00" width="3.75" shape="124.00,241.88 116.00,241.88"/>
    </edge>
    <edge id=":222.202_1" function="internal">
        <lane id=":222.202_1_0" index="0" disallow="pedestrian tram rail_urban rail rail_electric rail_fast ship" speed="13.89" length="8.25" width="3.75" shape="116.00,238.13 118.40,237.85 120.00,237.24 121.60,236.64 124.00,236.36"/>
    </edge>
    <edge id=":235.209_0" function="internal">
        <lane id=":235.209_0_0" index="0" disallow="pedestrian tram rail_urban rail rail_electric rail_fast ship" speed="13.89" length="8.00" width="3.75" shape="364.00,241.88 356.00,241.88"/>
    </edge>
    <edge id=":235.209_1" function="internal">
        <lane id=":235.209_1_0" index="0" disallow="pedestrian tram rail_urban rail rail_electric rail_fast ship" speed="13.89" length="8.00" width="3.75" shape="356.00,238.13 364.00,238.13"/>
    </edge>
    <edge id=":242.end_0" function="internal">
        <lane id=":242.end_0_0" index="0" disallow="pedestrian tram rail_urban rail rail_electric rail_fast ship" speed="3.95" length="5.48" width="3.75" shape="600.00,238.13 601.41,239.06 601.88,240.00 601.41,240.94 600.00,241.88"/>
    </edge>
    <edge id=":261.196_0" function="internal">
        <lane id=":261.196_0_0" index="0" disallow="pedestrian tram rail_urban rail rail_electric rail_fast ship" speed="13.89" length="0.10" width="3.75" shape="238.12,360.00 238.13,360.00"/>
    </edge>
    <edge id=":261.196_1" function="internal">
        <lane id=":261.196_1_0" index="0" disallow="pedestrian tram rail_urban rail rail_electric rail_fast ship" speed="13.89" length="0.10" width="3.75" shape="241.88,360.00 241.87,360.00"/>
    </edge>
    <edge id=":267.217_0" function="internal">
        <lane id=":267.217_0_0" index="0" disallow="pedestrian tram rail_urban rail rail_electric rail_fast ship" speed="13.89" length="0.10" width="3.75" shape="-1.87,360.00 -1.87,360.00"/>
    </edge>
    <edge id=":267.217_1" function="internal">
        <lane id=":267.217_1_0" index="0" disallow="pedestrian tram rail_urban rail rail_electric rail_fast ship" speed="13.89" length="0.10" width="3.75" shape="1.88,360.00 1.88,360.00"/>
    </edge>
    <edge id=":267.266_0" function="internal">
        <lane id=":267.266_0_0" index="0" disallow="pedestrian tram rail_urban rail rail_electric rail_fast ship" speed="13.89" length="0.10" width="3.75" shape="120.00,481.88 120.00,481.87"/>
    </edge>
    <edge id=":267.266_1" function="internal">
        <lane id=":267.266_1_0" index="0" disallow="pedestrian tram rail_urban rail rail_electric rail_fast ship" speed="13.89" length="0.10" width="3.75" shape="120.00,478.12 120.00,478.13"/>
    </edge>
    <edge id=":275.197_0" function="internal">
        <lane id=":275.197_0_0" index="0" disallow="pedestrian tram rail_urban rail rail_electric rail_fast ship" speed="13.89" length="0.10" width="3.75" shape="238.13,120.00 238.13,120.00"/>
    </edge>
    <edge id=":275.197_1" function="internal">
        <lane id=":275.197_1_0" index="0" disallow="pedestrian tram rail_urban rail rail_electric rail_fast ship" speed="13.89" length="0.10" width="3.75" shape="241.88,120.00 241.88,120.00"/>
    </edge>
    <edge id=":281.227_0" function="internal">
        <lane id=":281.227_0_0" index="0" disallow="pedestrian tram rail_urban rail rail_electric rail_fast ship" speed="13.89" length="0.10" width="3.75" shape="-1.88,120.00 -1.87,120.00"/>
    </edge>
    <edge id=":281.227_1" function="internal">
        <lane id=":281.227_1_0" index="0" disallow="pedestrian tram rail_urban rail rail_electric rail_fast ship" speed="13.89" length="0.10" width="3.75" shape="1.88,120.00 1.88,120.00"/>
    </edge>
    <edge id=":281.270_0" function="internal">
        <lane id=":281.270_0_0" index="0" disallow="pedestrian tram rail_urban rail rail_electric rail_fast ship" speed="13.89" length="0.10" width="3.75" shape="120.00,1.88 120.00,1.88"/>
    </edge>
    <edge id=":281.270_1" function="internal">
        <lane id=":281.270_1_0" index="0" disallow="pedestrian tram rail_urban rail rail_electric rail_fast ship" speed="13.89" length="0.10" width="3.75" shape="120.00,-1.87 120.00,-1.87"/>
    </edge>
    <edge id=":283.230_0" function="internal">
        <lane id=":283.230_0_0" index="0" disallow="pedestrian tram rail_urban rail rail_electric rail_fast ship" speed="13.89" length="0.10" width="3.75" shape="478.13,120.00 478.13,120.00"/>
    </edge>
    <edge id=":283.230_1" function="internal">
        <lane id=":283.230_1_0" index="0" disallow="pedestrian tram rail_urban rail rail_electric rail_fast ship" speed="13.89" length="0.10" width="3.75" shape="481.88,120.00 481.88,120.00"/>
    </edge>
    <edge id=":283.280_0" function="internal">
        <lane id=":283.280_0_0" index="0" disallow="pedestrian tram rail_urban rail rail_electric rail_fast ship" speed="13.89" length="0.10" width="3.75" shape="360.00,1.88 360.00,1.87"/>
    </edge>
    <edge id=":283.280_1" function="internal">
        <lane id=":283.280_1_0" index="0" disallow="pedestrian tram rail_urban rail rail_electric rail_fast ship" speed="13.89" length="0.10" width="3.75" shape="360.00,-1.87 360.00,-1.87"/>
    </edge>
    <edge id=":284.229_0" function="internal">
        <lane id=":284.229_0_0" index="0" disallow="pedestrian tram rail_urban rail rail_electric rail_fast ship" speed="3.95" length="5.48" width="3.75" shape="481.87,360.00 480.94,361.41 480.00,361.88 479.06,361.41 478.12,360.00"/>
    </edge>
    <edge id=":284.256_0" function="internal">
        <lane id=":284.256_0_0" index="0" disallow="pedestrian tram rail_urban rail rail_electric rail_fast ship" speed="13.89" length="0.10" width="3.75" shape="360.00,481.88 360.00,481.88"/>
    </edge>
    <edge id=":284.256_1" function="internal">
        <lane id=":284.256_1_0" index="0" disallow="pedestrian tram rail_urban rail rail_electric rail_fast ship" speed="13.89" length="0.10" width="3.75" shape="360.00,478.13 360.00,478.13"/>
    </edge>
    <edge id=":284.begin_0" function="internal">
        <lane id=":284.begin_0_0" index="0" disallow="pedestrian tram rail_urban rail rail_electric rail_fast ship" speed="3.95" length="5.48" width="3.75" shape="478.12,360.00 479.06,358.59 480.00,358.13 480.94,358.59 481.87,360.00"/>
    </edge>

    <edge id="-196.0.00" from="146" to="261.196" priority="1" type="driving" shape="240.00,251.00 240.00,360.00">
        <lane id="-196.0.00_0" index="0" disallow="pedestrian tram rail_urban rail rail_electric rail_fast ship" speed="13.89" length="109.00" width="3.75" shape="241.88,251.00 241.88,360.00" type="driving"/>
    </edge>
    <edge id="-197.0.00" from="146" to="275.197" priority="1" type="driving" shape="240.00,228.00 240.00,120.00">
        <lane id="-197.0.00_0" index="0" disallow="pedestrian tram rail_urban rail rail_electric rail_fast ship" speed="13.89" length="108.00" width="3.75" shape="238.13,228.00 238.13,120.00" type="driving"/>
    </edge>
    <edge id="-202.0.00" from="146" to="202.46.76" priority="1" type="driving" shape="229.00,240.00 185.40,240.00">
        <lane id="-202.0.00_0" index="0" disallow="pedestrian tram rail_urban rail rail_electric rail_fast ship" speed="13.89" length="43.60" width="3.75" shape="229.00,241.88 185.40,241.88" type="driving"/>
    </edge>
    <edge id="-202.46.76" from="202.46.76" to="222.202" priority="1" type="driving" shape="179.08,240.00 120.00,240.00">
        <lane id="-202.46.76_0" index="0" disallow="pedestrian tram rail_urban rail rail_electric rail_fast ship" speed="13.89" length="55.08" width="3.75" shape="179.08,241.88 124.00,241.88" type="driving"/>
    </edge>
    <edge id="-209.0.00" from="146" to="209.46.76" priority="1" type="driving" shape="251.00,240.00 297.76,240.00">
        <lane id="-209.0.00_0" index="0" disallow="pedestrian tram rail_urban rail rail_electric rail_fast ship" speed="13.89" length="45.26" width="3.75" shape="251.00,234.38 296.26,234.38" type="driving"/>
        <lane id="-209.0.00_1" index="1" disallow="pedestrian tram rail_urban rail rail_electric rail_fast ship" speed="13.89" length="45.26" width="3.75" shape="251.00,238.13 296.26,238.13" type="driving"/>
    </edge>
    <edge id="-209.46.76" from="209.46.76" to="235.209" priority="1" type="driving">
        <lane id="-209.46.76_0" index="0" allow="emergency authority" speed="13.89" length="56.74" width="1.76" shape="299.26,235.37 356.00,235.37" type="driving"/>
        <lane id="-209.46.76_1" index="1" disallow="pedestrian tram rail_urban rail rail_electric rail_fast ship" speed="13.89" length="56.74" width="3.75" shape="299.26,238.13 356.00,238.13" type="driving"/>
    </edge>
    <edge id="-217.0.00" from="148" to="267.217" priority="1" type="driving" shape="0.00,251.00 0.00,360.00">
        <lane id="-217.0.00_0" index="0" disallow="pedestrian tram rail_urban rail rail_electric rail_fast ship" speed="13.89" length="109.00" width="3.75" shape="1.88,251.00 1.88,360.00" type="driving"/>
    </edge>
    <edge id="-222.0.00" from="148" to="222.202" priority="1" type="driving" shape="11.00,240.00 120.00,240.00">
        <lane id="-222.0.00_0" index="0" disallow="pedestrian tram rail_urban rail rail_electric rail_fast ship" speed="13.89" length="105.00" width="3.75" shape="11.00,238.13 116.00,238.13" type="driving"/>
    </edge>
    <edge id="-227.0.00" from="148" to="281.227" priority="1" type="driving" shape="0.00,229.00 0.00,120.00">
        <lane id="-227.0.00_0" index="0" disallow="pedestrian tram rail_urban rail rail_electric rail_fast ship" speed="13.89" length="109.00" width="3.75" shape="-1.87,229.00 -1.88,120.00" type="driving"/>
    </edge>
    <edge id="-229.0.00" from="150" to="284.229" priority="1" type="driving" shape="480.00,251.00 480.00,360.00">
        <lane id="-229.0.00_0" index="0" disallow="pedestrian tram rail_urban rail rail_electric rail_fast ship" speed="13.89" length="109.00" width="3.75" shape="481.88,251.00 481.87,360.00" type="driving"/>
    </edge>
    <edge id="-230.0.00" from="150" to="283.230" priority="1" type="driving" shape="480.00,229.00 480.00,120.00">
        <lane id="-230.0.00_0" index="0" disallow="pedestrian tram rail_urban rail rail_electric rail_fast ship" speed="13.89" length="109.00" width="3.75" shape="478.13,229.00 478.13,120.00" type="driving"/>
    </edge>
    <edge id="-235.0.00" from="150" to="235.209" priority="1" type="driving" shape="469.00,240.00 360.00,240.00">
        <lane id="-235.0.00_0" index="0" disallow="pedestrian tram rail_urban rail rail_electric rail_fast ship" speed="13.89" length="105.00" width="3.75" shape="469.00,241.88 364.00,241.88" type="driving"/>
    </edge>
    <edge id="-242.0.00" from="150" to="242.end" priority="1" type="driving" shape="491.00,240.00 600.00,240.00">
        <lane id="-242.0.00_0" index="0" disallow="pedestrian tram rail_urban rail rail_electric rail_fast ship" speed="13.89" length="109.00" width="3.75" shape="491.00,238.13 600.00,238.13" type="driving"/>
    </edge>
    <edge id="-256.0.00" from="152" to="284.256" priority="1" type="driving" shape="251.00,480.00 360.00,480.00">
        <lane id="-256.0.00_0" index="0" disallow="pedestrian tram rail_urban rail rail_electric rail_fast ship" speed="13.89" length="109.00" width="3.75" shape="251.00,478.13 360.00,478.13" type="driving"/>
    </edge>
    <edge id="-261.0.00" from="152" to="261.196" priority="1" type="driving" shape="240.00,469.00 240.00,360.00">
        <lane id="-261.0.00_0" index="0" disallow="pedestrian tram rail_urban rail rail_electric rail_fast ship" speed="13.89" length="109.00" width="3.75" shape="238.12,469.00 238.12,360.00" type="driving"/>
    </edge>
    <edge id="-266.0.00" from="152" to="267.266" priority="1" type="driving" shape="229.00,480.00 120.00,480.00">
        <lane id="-266.0.00_0" index="0" disallow="pedestrian tram rail_urban rail rail_electric rail_fast ship" speed="13.89" length="109.00" width="3.75" shape="229.00,481.88 120.00,481.88" type="driving"/>
    </edge>
    <edge id="-267.0.00" from="267.266" to="267.217" priority="1" type="driving" shape="120.00,480.00 74.00,480.00 72.00,479.97 70.00,479.89 68.01,479.76 66.02,479.57 64.03,479.33 62.05,479.03 60.08,478.68 58.12,478.28 56.18,477.82 54.24,477.31 52.32,476.75 50.42,476.14 48.53,475.48 46.66,474.77 44.82,474.00 42.99,473.19 41.18,472.33 39.40,471.41 37.65,470.46 35.92,469.45 34.22,468.40 32.55,467.30 30.91,466.16 29.30,464.97 27.72,463.74 26.18,462.47 24.67,461.16 23.19,459.80 21.76,458.41 20.36,456.98 19.00,455.51 17.69,454.01 16.41,452.47 15.17,450.89 13.98,449.29 12.83,447.65 11.73,445.98 10.67,444.29 9.66,442.56 8.70,440.81 7.78,439.03 6.91,437.23 6.09,435.40 5.32,433.56 4.60,431.69 3.93,429.81 3.32,427.91 2.75,425.99 2.24,424.05 1.77,422.11 1.37,420.15 1.01,418.18 0.71,416.21 0.46,414.22 0.26,412.23 0.12,410.24 0.03,408.24 0.00,406.24 0.00,406.00 0.00,360.00">
        <lane id="-267.0.00_0" index="0" disallow="pedestrian tram rail_urban rail rail_electric rail_fast ship" speed="13.89" length="211.18" width="3.75" shape="120.00,481.87 74.00,481.87 71.95,481.85 69.90,481.76 67.85,481.63 65.81,481.43 63.78,481.18 61.75,480.88 59.73,480.52 57.72,480.11 55.73,479.64 53.74,479.12 51.77,478.55 49.82,477.92 47.89,477.24 45.97,476.51 44.08,475.72 42.20,474.89 40.35,474.01 38.53,473.07 36.73,472.09 34.95,471.06 33.21,469.98 31.50,468.85 29.81,467.68 28.16,466.46 26.55,465.20 24.96,463.90 23.42,462.55 21.91,461.17 20.43,459.74 19.00,458.27 17.61,456.77 16.26,455.22 14.95,453.65 13.68,452.03 12.46,450.39 11.28,448.71 10.15,447.00 9.07,445.26 8.03,443.49 7.04,441.69 6.10,439.87 5.21,438.02 4.37,436.15 3.58,434.26 2.85,432.34 2.16,430.41 1.53,428.46 0.95,426.49 0.42,424.51 -0.06,422.52 -0.47,420.51 -0.84,418.49 -1.15,416.46 -1.41,414.43 -1.61,412.39 -1.75,410.34 -1.84,408.30 -1.87,406.27 -1.87,406.00 -1.87,360.00" type="driving"/>
    </edge>
    <edge id="-270.0.00" from="154" to="281.270" priority="1" type="driving" shape="229.00,0.00 120.00,0.00">
        <lane id="-270.0.00_0" index="0" disallow="pedestrian tram rail_urban rail rail_electric rail_fast ship" speed="13.89" length="109.00" width="3.75" shape="229.00,1.88 120.00,1.88" type="driving"/>
    </edge>
    <edge id="-275.0.00" from="154" to="275.197" priority="1" type="driving" shape="240.00,11.00 240.00,120.00">
        <lane id="-275.0.00_0" index="0" disallow="pedestrian tram rail_urban rail rail_electric rail_fast ship" speed="13.89" length="109.00" width="3.75" shape="241.88,11.00 241.88,120.00" type="driving"/>
    </edge>
    <edge id="-280.0.00" from="154" to="283.280" priority="1" type="driving" shape="251.00,0.00 360.00,0.00">
        <lane id="-280.0.00_0" index="0" disallow="pedestrian tram rail_urban rail rail_electric rail_fast ship" speed="13.89" length="109.00" width="3.75" shape="251.00,-1.87 360.00,-1.87" type="driving"/>
    </edge>
    <edge id="-281.0.00" from="281.227" to="281.270" priority="1" type="driving" shape="0.00,120.00 0.00,60.00 0.03,58.00 0.13,56.00 0.30,54.01 0.53,52.02 0.83,50.05 1.20,48.08 1.63,46.13 2.12,44.19 2.68,42.27 3.30,40.37 3.99,38.49 4.74,36.63 5.55,34.81 6.42,33.01 7.35,31.23 8.33,29.50 9.38,27.79 10.48,26.12 11.64,24.49 12.85,22.90 14.11,21.35 15.42,19.84 16.79,18.38 18.20,16.96 19.66,15.59 21.16,14.27 22.70,13.00 24.29,11.78 25.92,10.62 27.58,9.51 29.28,8.46 31.02,7.46 32.78,6.53 34.58,5.65 36.41,4.83 38.26,4.08 40.13,3.38 42.03,2.75 43.95,2.19 45.89,1.68 47.84,1.25 49.80,0.87 51.78,0.57 53.76,0.32 55.76,0.15 57.75,0.04 59.75,0.00 60.00,0.00 120.00,0.00">
        <lane id="-281.0.00_0" index="0" disallow="pedestrian tram rail_urban rail rail_electric rail_fast ship" speed="13.89" length="217.19" width="3.75" shape="-1.87,120.00 -1.87,60.00 -1.84,57.94 -1.74,55.88 -1.57,53.82 -1.33,51.77 -1.02,49.74 -0.64,47.71 -0.20,45.69 0.31,43.69 0.89,41.71 1.53,39.75 2.24,37.82 3.01,35.90 3.84,34.02 4.74,32.16 5.70,30.34 6.72,28.54 7.80,26.78 8.93,25.06 10.13,23.38 11.37,21.74 12.68,20.14 14.03,18.58 15.44,17.07 16.89,15.61 18.39,14.20 19.94,12.84 21.54,11.53 23.17,10.28 24.85,9.08 26.57,7.93 28.32,6.85 30.11,5.82 31.93,4.86 33.79,3.95 35.67,3.11 37.58,2.33 39.51,1.61 41.47,0.96 43.45,0.38 45.44,-0.14 47.46,-0.59 49.48,-0.97 51.52,-1.29 53.57,-1.54 55.62,-1.72 57.68,-1.83 59.72,-1.87 60.00,-1.87 120.00,-1.87" type="driving"/>
    </edge>
    <edge id="-283.0.00" from="283.230" to="283.280" priority="1" type="driving" shape="480.00,120.00 480.00,60.00 479.97,58.00 479.87,56.00 479.70,54.01 479.47,52.02 479.17,50.05 478.80,48.08 478.37,46.13 477.88,44.19 477.32,42.27 476.70,40.37 476.01,38.49 475.26,36.63 474.45,34.81 473.58,33.01 472.65,31.23 471.67,29.50 470.62,27.79 469.52,26.12 468.36,24.49 467.15,22.90 465.89,21.35 464.58,19.84 463.21,18.38 461.80,16.96 460.34,15.59 458.84,14.27 457.30,13.00 455.71,11.78 454.08,10.62 452.42,9.51 450.72,8.46 448.98,7.46 447.22,6.53 445.42,5.65 443.59,4.83 441.74,4.08 439.87,3.38 437.97,2.75 436.05,2.19 434.11,1.68 432.16,1.25 430.20,0.87 428.22,0.57 426.24,0.32 424.24,0.15 422.25,0.04 420.25,0.00 420.00,0.00 360.00,0.00">
        <lane id="-283.0.00_0" index="0" disallow="pedestrian tram rail_urban rail rail_electric rail_fast ship" speed="13.89" length="211.30" width="3.75" shape="478.13,120.00 478.13,60.00 478.09,58.06 478.00,56.13 477.83,54.20 477.61,52.27 477.32,50.36 476.97,48.45 476.55,46.56 476.07,44.68 475.53,42.82 474.93,40.98 474.26,39.16 473.54,37.37 472.75,35.59 471.91,33.85 471.01,32.13 470.05,30.45 469.04,28.80 467.97,27.18 466.85,25.60 465.68,24.06 464.46,22.55 463.18,21.09 461.86,19.68 460.50,18.30 459.08,16.98 457.63,15.70 456.13,14.47 454.59,13.29 453.02,12.16 451.41,11.09 449.76,10.07 448.08,9.11 446.37,8.20 444.62,7.35 442.86,6.56 441.06,5.83 439.24,5.15 437.41,4.54 435.55,3.99 433.67,3.51 431.78,3.08 429.88,2.72 427.96,2.42 426.04,2.19 424.11,2.02 422.18,1.92 420.21,1.88 420.00,1.88 360.00,1.88" type="driving"/>
    </edge>
    <edge id="-284.0.00" from="284.begin" to="284.256" priority="1" type="driving" shape="480.00,360.00 480.00,420.00 479.97,422.00 479.87,424.00 479.70,425.99 479.47,427.98 479.17,429.95 478.80,431.92 478.37,433.87 477.88,435.81 477.32,437.73 476.70,439.63 476.01,441.51 475.26,443.37 474.45,445.19 473.58,446.99 472.65,448.77 471.67,450.50 470.62,452.21 469.52,453.88 468.36,455.51 467.15,457.10 465.89,458.65 464.58,460.16 463.21,461.62 461.80,463.04 460.34,464.41 458.84,465.73 457.30,467.00 455.71,468.22 454.08,469.38 452.42,470.49 450.72,471.54 448.98,472.54 447.22,473.47 445.42,474.35 443.59,475.17 441.74,475.92 439.87,476.62 437.97,477.25 436.05,477.81 434.11,478.32 432.16,478.75 430.20,479.13 428.22,479.43 426.24,479.68 424.24,479.85 422.25,479.96 420.25,480.00 420.00,480.00 360.00,480.00">
        <lane id="-284.0.00_0" index="0" disallow="pedestrian tram rail_urban rail rail_electric rail_fast ship" speed="13.89" length="217.19" width="3.75" shape="481.87,360.00 481.87,420.00 481.84,422.06 481.74,424.12 481.57,426.18 481.33,428.23 481.02,430.26 480.64,432.29 480.20,434.31 479.69,436.31 479.11,438.29 478.47,440.25 477.76,442.18 476.99,444.10 476.16,445.98 475.26,447.84 474.30,449.66 473.28,451.46 472.20,453.22 471.07,454.94 469.87,456.62 468.63,458.26 467.32,459.86 465.97,461.42 464.56,462.93 463.11,464.39 461.61,465.80 460.06,467.16 458.46,468.47 456.83,469.72 455.15,470.92 453.43,472.07 451.68,473.15 449.89,474.18 448.07,475.14 446.21,476.05 444.33,476.89 442.42,477.67 440.49,478.39 438.53,479.04 436.55,479.62 434.56,480.14 432.54,480.59 430.52,480.97 428.48,481.29 426.43,481.54 424.38,481.72 422.32,481.83 420.28,481.87 420.00,481.88 360.00,481.88" type="driving"/>
    </edge>
    <edge id="196.0.00" from="261.196" to="146" priority="2" type="driving" shape="240.00,360.00 240.00,251.00">
        <lane id="196.0.00_0" index="0" disallow="pedestrian tram rail_urban rail rail_electric rail_fast ship" speed="13.89" length="109.00" width="3.75" shape="238.13,360.00 238.13,251.00" type="driving"/>
    </edge>
    <edge id="197.0.00" from="275.197" to="146" priority="2" type="driving" shape="240.00,120.00 240.00,228.00">
        <lane id="197.0.00_0" index="0" disallow="pedestrian tram rail_urban rail rail_electric rail_fast ship" speed="13.89" length="108.00" width="3.75" shape="241.88,120.00 241.88,228.00" type="driving"/>
    </edge>
    <edge id="202.0.00" from="202.46.76" to="146" priority="0" type="driving" shape="185.40,240.00 229.00,240.00">
        <lane id="202.0.00_0" index="0" disallow="pedestrian tram rail_urban rail rail_electric rail_fast ship" speed="13.89" length="43.60" width="3.75" shape="185.40,234.38 229.00,234.38" type="driving"/>
        <lane id="202.0.00_1" index="1" disallow="pedestrian tram rail_urban rail rail_electric rail_fast ship" speed="13.89" length="43.60" width="3.75" shape="185.40,238.13 229.00,238.13" type="driving"/>
    </edge>
    <edge id="202.46.76" from="222.202" to="202.46.76" priority="0" type="driving" shape="120.00,240.00 179.08,240.00">
        <lane id="202.46.76_0" index="0" disallow="pedestrian tram rail_urban rail rail_electric rail_fast ship" speed="13.89" length="55.08" width="3.75" shape="124.00,236.36 179.08,236.36" type="driving"/>
        <lane id="202.46.76_1" index="1" allow="emergency authority" speed="13.89" length="55.08" width="1.76" shape="124.00,239.12 179.08,239.12" type="driving"/>
    </edge>
    <edge id="209.0.00" from="209.46.76" to="146" priority="0" type="driving" shape="297.76,240.00 251.00,240.00">
        <lane id="209.0.00_0" index="0" disallow="pedestrian tram rail_urban rail rail_electric rail_fast ship" speed="13.89" length="45.26" width="3.75" shape="296.26,241.88 251.00,241.88" type="driving"/>
    </edge>
    <edge id="209.46.76" from="235.209" to="209.46.76" priority="0" type="driving">
        <lane id="209.46.76_0" index="0" disallow="pedestrian tram rail_urban rail rail_electric rail_fast ship" speed="13.89" length="56.74" width="3.75" shape="356.00,241.88 299.26,241.88" type="driving"/>
    </edge>
    <edge id="217.0.00" from="267.217" to="148" priority="2" type="driving" shape="0.00,360.00 0.00,251.00">
        <lane id="217.0.00_0" index="0" disallow="pedestrian tram rail_urban rail rail_electric rail_fast ship" speed="13.89" length="109.00" width="3.75" shape="-1.87,360.00 -1.87,251.00" type="driving"/>
    </edge>
    <edge id="222.0.00" from="222.202" to="148" priority="0" type="driving" shape="120.00,240.00 11.00,240.00">
        <lane id="222.0.00_0" index="0" disallow="pedestrian tram rail_urban rail rail_electric rail_fast ship" speed="13.89" length="105.00" width="3.75" shape="116.00,241.88 11.00,241.88" type="driving"/>
    </edge>
    <edge id="227.0.00" from="281.227" to="148" priority="2" type="driving" shape="0.00,120.00 0.00,229.00">
        <lane id="227.0.00_0" index="0" disallow="pedestrian tram rail_urban rail rail_electric rail_fast ship" speed="13.89" length="109.00" width="3.75" shape="1.88,120.00 1.88,229.00" type="driving"/>
    </edge>
    <edge id="229.0.00" from="284.229" to="150" priority="2" type="driving" shape="480.00,360.00 480.00,251.00">
        <lane id="229.0.00_0" index="0" disallow="pedestrian tram rail_urban rail rail_electric rail_fast ship" speed="13.89" length="109.00" width="3.75" shape="478.12,360.00 478.13,251.00" type="driving"/>
    </edge>
    <edge id="230.0.00" from="283.230" to="150" priority="2" type="driving" shape="480.00,120.00 480.00,229.00">
        <lane id="230.0.00_0" index="0" disallow="pedestrian tram rail_urban rail rail_electric rail_fast ship" speed="13.89" length="109.00" width="3.75" shape="481.88,120.00 481.88,229.00" type="driving"/>
    </edge>
    <edge id="235.0.00" from="235.209" to="150" priority="0" type="driving" shape="360.00,240.00 469.00,240.00">
        <lane id="235.0.00_0" index="0" disallow="pedestrian tram rail_urban rail rail_electric rail_fast ship" speed="13.89" length="105.00" width="3.75" shape="364.00,238.13 469.00,238.13" type="driving"/>
    </edge>
    <edge id="242.0.00" from="242.end" to="150" priority="0" type="driving" shape="600.00,240.00 491.00,240.00">
        <lane id="242.0.00_0" index="0" disallow="pedestrian tram rail_urban rail rail_electric rail_fast ship" speed="13.89" length="109.00" width="3.75" shape="600.00,241.88 491.00,241.88" type="driving"/>
    </edge>
    <edge id="256.0.00" from="284.256" to="152" priority="2" type="driving" shape="360.00,480.00 251.00,480.00">
        <lane id="256.0.00_0" index="0" disallow="pedestrian tram rail_urban rail rail_electric rail_fast ship" speed="13.89" length="109.00" width="3.75" shape="360.00,481.88 251.00,481.88" type="driving"/>
    </edge>
    <edge id="261.0.00" from="261.196" to="152" priority="0" type="driving" shape="240.00,360.00 240.00,469.00">
        <lane id="261.0.00_0" index="0" disallow="pedestrian tram rail_urban rail rail_electric rail_fast ship" speed="13.89" length="109.00" width="3.75" shape="241.87,360.00 241.87,469.00" type="driving"/>
    </edge>
    <edge id="266.0.00" from="267.266" to="152" priority="2" type="driving" shape="120.00,480.00 229.00,480.00">
        <lane id="266.0.00_0" index="0" disallow="pedestrian tram rail_urban rail rail_electric rail_fast ship" speed="13.89" length="109.00" width="3.75" shape="120.00,478.13 229.00,478.13" type="driving"/>
    </edge>
    <edge id="267.0.00" from="267.217" to="267.266" priority="1" type="driving" shape="0.00,360.00 0.00,406.00 0.00,406.24 0.03,408.24 0.12,410.24 0.26,412.23 0.46,414.22 0.71,416.21 1.01,418.18 1.37,420.15 1.77,422.11 2.24,424.05 2.75,425.99 3.32,427.91 3.93,429.81 4.60,431.69 5.32,433.56 6.09,435.40 6.91,437.23 7.78,439.03 8.70,440.81 9.66,442.56 10.67,444.29 11.73,445.98 12.83,447.65 13.98,449.29 15.17,450.89 16.41,452.47 17.69,454.01 19.00,455.51 20.36,456.98 21.76,458.41 23.19,459.80 24.67,461.16 26.18,462.47 27.72,463.74 29.30,464.97 30.91,466.16 32.55,467.30 34.22,468.40 35.92,469.45 37.65,470.46 39.40,471.41 41.18,472.33 42.99,473.19 44.82,474.00 46.66,474.77 48.53,475.48 50.42,476.14 52.32,476.75 54.24,477.31 56.18,477.82 58.12,478.28 60.08,478.68 62.05,479.03 64.03,479.33 66.02,479.57 68.01,479.76 70.00,479.89 72.00,479.97 74.00,480.00 120.00,480.00">
        <lane id="267.0.00_0" index="0" disallow="pedestrian tram rail_urban rail rail_electric rail_fast ship" speed="13.89" length="205.29" width="3.75" shape="1.88,360.00 1.88,406.00 1.88,406.21 1.91,408.18 1.99,410.13 2.13,412.07 2.32,414.01 2.56,415.95 2.86,417.87 3.21,419.79 3.60,421.70 4.05,423.60 4.56,425.48 5.11,427.35 5.71,429.20 6.36,431.04 7.06,432.86 7.81,434.66 8.61,436.44 9.46,438.19 10.35,439.93 11.29,441.63 12.28,443.31 13.31,444.97 14.38,446.60 15.50,448.19 16.66,449.76 17.87,451.29 19.11,452.79 20.40,454.26 21.72,455.69 23.08,457.08 24.48,458.44 25.92,459.76 27.39,461.04 28.89,462.28 30.43,463.48 32.00,464.63 33.60,465.75 35.23,466.82 36.88,467.84 38.57,468.82 40.28,469.76 42.02,470.65 43.77,471.49 45.55,472.28 47.36,473.02 49.18,473.72 51.02,474.36 52.87,474.96 54.74,475.51 56.63,476.00 58.53,476.45 60.44,476.84 62.36,477.18 64.28,477.47 66.22,477.70 68.16,477.89 70.10,478.02 72.05,478.10 74.01,478.12 120.00,478.12" type="driving"/>
    </edge>
    <edge id="270.0.00" from="281.270" to="154" priority="2" type="driving" shape="120.00,0.00 229.00,0.00">
        <lane id="270.0.00_0" index="0" disallow="pedestrian tram rail_urban rail rail_electric rail_fast ship" speed="13.89" length="109.00" width="3.75" shape="120.00,-1.87 229.00,-1.87" type="driving"/>
    </edge>
    <edge id="275.0.00" from="275.197" to="154" priority="0" type="driving" shape="240.00,120.00 240.00,11.00">
        <lane id="275.0.00_0" index="0" disallow="pedestrian tram rail_urban rail rail_electric rail_fast ship" speed="13.89" length="109.00" width="3.75" shape="238.13,120.00 238.13,11.00" type="driving"/>
    </edge>
    <edge id="280.0.00" from="283.280" to="154" priority="2" type="driving" shape="360.00,0.00 251.00,0.00">
        <lane id="280.0.00_0" index="0" disallow="pedestrian tram rail_urban rail rail_electric rail_fast ship" speed="13.89" length="109.00" width="3.75" shape="360.00,1.87 251.00,1.88" type="driving"/>
    </edge>
    <edge id="281.0.00" from="281.270" to="281.227" priority="1" type="driving" shape="120.00,0.00 60.00,0.00 59.75,0.00 57.75,0.04 55.76,0.15 53.76,0.32 51.78,0.57 49.80,0.87 47.84,1.25 45.89,1.68 43.95,2.19 42.03,2.75 40.13,3.38 38.26,4.08 36.41,4.83 34.58,5.65 32.78,6.53 31.02,7.46 29.28,8.46 27.58,9.51 25.92,10.62 24.29,11.78 22.70,13.00 21.16,14.27 19.66,15.59 18.20,16.96 16.79,18.38 15.42,19.84 14.11,21.35 12.85,22.90 11.64,24.49 10.48,26.12 9.38,27.79 8.33,29.50 7.35,31.23 6.42,33.01 5.55,34.81 4.74,36.63 3.99,38.49 3.30,40.37 2.68,42.27 2.12,44.19 1.63,46.13 1.20,48.08 0.83,50.05 0.53,52.02 0.30,54.01 0.13,56.00 0.03,58.00 0.00,60.00 0.00,120.00">
        <lane id="281.0.00_0" index="0" disallow="pedestrian tram rail_urban rail rail_electric rail_fast ship" speed="13.89" length="211.30" width="3.75" shape="120.00,1.88 60.00,1.88 59.79,1.88 57.82,1.92 55.89,2.02 53.96,2.19 52.04,2.42 50.12,2.72 48.22,3.08 46.33,3.51 44.45,3.99 42.59,4.54 40.76,5.15 38.94,5.83 37.14,6.56 35.38,7.35 33.63,8.20 31.92,9.11 30.24,10.07 28.59,11.09 26.98,12.16 25.41,13.29 23.87,14.47 22.37,15.70 20.92,16.98 19.50,18.30 18.14,19.68 16.82,21.09 15.54,22.55 14.32,24.06 13.15,25.60 12.03,27.18 10.96,28.80 9.95,30.45 8.99,32.13 8.09,33.85 7.25,35.59 6.46,37.37 5.74,39.16 5.07,40.98 4.47,42.82 3.93,44.68 3.45,46.56 3.03,48.45 2.68,50.36 2.39,52.27 2.17,54.20 2.00,56.13 1.91,58.06 1.88,60.02 1.88,120.00" type="driving"/>
    </edge>
    <edge id="283.0.00" from="283.280" to="283.230" priority="1" type="driving" shape="360.00,0.00 420.00,0.00 420.25,0.00 422.25,0.04 424.24,0.15 426.24,0.32 428.22,0.57 430.20,0.87 432.16,1.25 434.11,1.68 436.05,2.19 437.97,2.75 439.87,3.38 441.74,4.08 443.59,4.83 445.42,5.65 447.22,6.53 448.98,7.46 450.72,8.46 452.42,9.51 454.08,10.62 455.71,11.78 457.30,13.00 458.84,14.27 460.34,15.59 461.80,16.96 463.21,18.38 464.58,19.84 465.89,21.35 467.15,22.90 468.36,24.49 469.52,26.12 470.62,27.79 471.67,29.50 472.65,31.23 473.58,33.01 474.45,34.81 475.26,36.63 476.01,38.49 476.70,40.37 477.32,42.27 477.88,44.19 478.37,46.13 478.80,48.08 479.17,50.05 479.47,52.02 479.70,54.01 479.87,56.00 479.97,58.00 480.00,60.00 480.00,120.00">
        <lane id="283.0.00_0" index="0" disallow="pedestrian tram rail_urban rail rail_electric rail_fast ship" speed="13.89" length="217.19" width="3.75" shape="360.00,-1.87 420.00,-1.87 420.28,-1.87 422.32,-1.83 424.38,-1.72 426.43,-1.54 428.48,-1.29 430.52,-0.97 432.54,-0.59 434.56,-0.14 436.55,0.38 438.53,0.96 440.49,1.61 442.42,2.33 444.33,3.11 446.21,3.95 448.07,4.86 449.89,5.82 451.68,6.85 453.43,7.93 455.15,9.08 456.83,10.28 458.46,11.53 460.06,12.84 461.61,14.20 463.11,15.61 464.56,17.07 465.97,18.58 467.32,20.14 468.63,21.74 469.87,23.38 471.07,25.06 472.20,26.78 473.28,28.54 474.30,30.34 475.26,32.16 476.16,34.02 476.99,35.90 477.76,37.82 478.47,39.75 479.11,41.71 479.69,43.69 480.20,45.69 480.64,47.71 481.02,49.74 481.33,51.77 481.57,53.82 481.74,55.88 481.84,57.94 481.88,59.98 481.88,120.00" type="driving"/>
    </edge>
    <edge id="284.0.00" from="284.256" to="284.begin" priority="1" type="driving" shape="360.00,480.00 420.00,480.00 420.25,480.00 422.25,479.96 424.24,479.85 426.24,479.68 428.22,479.43 430.20,479.13 432.16,478.75 434.11,478.32 436.05,477.81 437.97,477.25 439.87,476.62 441.74,475.92 443.59,475.17 445.42,474.35 447.22,473.47 448.98,472.54 450.72,471.54 452.42,470.49 454.08,469.38 455.71,468.22 457.30,467.00 458.84,465.73 460.34,464.41 461.80,463.04 463.21,461.62 464.58,460.16 465.89,458.65 467.15,457.10 468.36,455.51 469.52,453.88 470.62,452.21 471.67,450.50 472.65,448.77 473.58,446.99 474.45,445.19 475.26,443.37 476.01,441.51 476.70,439.63 477.32,437.73 477.88,435.81 478.37,433.87 478.80,431.92 479.17,429.95 479.47,427.98 479.70,425.99 479.87,424.00 479.97,422.00 480.00,420.00 480.00,360.00">
        <lane id="284.0.00_0" index="0" disallow="pedestrian tram rail_urban rail rail_electric rail_fast ship" speed="13.89" length="211.30" width="3.75" shape="360.00,478.13 420.00,478.13 420.21,478.12 422.18,478.08 424.11,477.98 426.04,477.81 427.96,477.58 429.88,477.28 431.78,476.92 433.67,476.49 435.55,476.01 437.41,475.46 439.24,474.85 441.06,474.17 442.86,473.44 444.62,472.65 446.37,471.80 448.08,470.89 449.76,469.93 451.41,468.91 453.02,467.84 454.59,466.71 456.13,465.53 457.63,464.30 459.08,463.02 460.50,461.70 461.86,460.32 463.18,458.91 464.46,457.45 465.68,455.94 466.85,454.40 467.97,452.82 469.04,451.20 470.05,449.55 471.01,447.87 471.91,446.15 472.75,444.41 473.54,442.63 474.26,440.84 474.93,439.02 475.53,437.18 476.07,435.32 476.55,433.44 476.97,431.55 477.32,429.64 477.61,427.73 477.83,425.80 478.00,423.87 478.09,421.94 478.12,419.98 478.12,360.00" type="driving"/>
    </edge>

    <tlLogic id="146" type="static" programID="0" offset="0">
        <phase duration="42" state="GGgrrrGGgrrr"/>
        <phase duration="3"  state="yyyrrryyyrrr"/>
        <phase duration="42" state="rrrGGgrrrGGg"/>
        <phase duration="3"  state="rrryyyrrryyy"/>
        <param key="linkSignalID:0" value="291"/>
        <param key="linkSignalID:1" value="291"/>
        <param key="linkSignalID:2" value="291"/>
        <param key="linkSignalID:6" value="281"/>
        <param key="linkSignalID:7" value="281"/>
        <param key="linkSignalID:8" value="281"/>
    </tlLogic>
    <tlLogic id="148" type="static" programID="0" offset="0">
        <phase duration="42" state="GgrrGG"/>
        <phase duration="3"  state="yyrryy"/>
        <phase duration="42" state="rrGGGr"/>
        <phase duration="3"  state="rryyyr"/>
        <param key="linkSignalID:0" value="9385"/>
        <param key="linkSignalID:1" value="9385"/>
        <param key="linkSignalID:2" value="6351"/>
        <param key="linkSignalID:3" value="6351"/>
        <param key="linkSignalID:4" value="3318"/>
        <param key="linkSignalID:5" value="3318"/>
    </tlLogic>
    <tlLogic id="150" type="static" programID="0" offset="0">
        <phase duration="42" state="GGgrrrGGgrrr"/>
        <phase duration="3"  state="yyyrrryyyrrr"/>
        <phase duration="42" state="rrrGGgrrrGGg"/>
        <phase duration="3"  state="rrryyyrrryyy"/>
        <param key="linkSignalID:0" value="15441"/>
        <param key="linkSignalID:1" value="15441"/>
        <param key="linkSignalID:10" value="18475"/>
        <param key="linkSignalID:11" value="18475"/>
        <param key="linkSignalID:2" value="15441"/>
        <param key="linkSignalID:3" value="12408"/>
        <param key="linkSignalID:4" value="12408"/>
        <param key="linkSignalID:5" value="12408"/>
        <param key="linkSignalID:6" value="21495"/>
        <param key="linkSignalID:7" value="21495"/>
        <param key="linkSignalID:8" value="21495"/>
        <param key="linkSignalID:9" value="18475"/>
    </tlLogic>
    <tlLogic id="152" type="static" programID="0" offset="0">
        <phase duration="42" state="GgrrGG"/>
        <phase duration="3"  state="yyrryy"/>
        <phase duration="42" state="rrGGGr"/>
        <phase duration="3"  state="rryyyr"/>
        <param key="linkSignalID:0" value="30595"/>
        <param key="linkSignalID:1" value="30595"/>
        <param key="linkSignalID:2" value="27561"/>
        <param key="linkSignalID:3" value="27561"/>
        <param key="linkSignalID:4" value="24528"/>
        <param key="linkSignalID:5" value="24528"/>
    </tlLogic>
    <tlLogic id="154" type="static" programID="0" offset="0">
        <phase duration="42" state="rrGGGg"/>
        <phase duration="3"  state="rryyyy"/>
        <phase duration="42" state="GGGrrr"/>
        <phase duration="3"  state="yyyrrr"/>
        <param key="linkSignalID:0" value="36651"/>
        <param key="linkSignalID:1" value="36651"/>
        <param key="linkSignalID:2" value="33618"/>
        <param key="linkSignalID:3" value="33618"/>
        <param key="linkSignalID:4" value="39685"/>
        <param key="linkSignalID:5" value="39685"/>
    </tlLogic>
    <tlLogic id="202.46.76" type="static" programID="0" offset="0">
        <phase duration="82" state="GGG"/>
        <phase duration="3"  state="yyy"/>
        <phase duration="5"  state="rrr"/>
        <param key="linkSignalID:1" value="295"/>
        <param key="linkSignalID:2" value="295"/>
    </tlLogic>
    <tlLogic id="209.46.76" type="static" programID="0" offset="0">
        <phase duration="82" state="GGG"/>
        <phase duration="3"  state="yyy"/>
        <phase duration="5"  state="rrr"/>
        <param key="linkSignalID:0" value="288"/>
    </tlLogic>

    <junction id="146" type="traffic_light" x="240.00" y="239.50" incLanes="196.0.00_0 209.0.00_0 197.0.00_0 202.0.00_0 202.0.00_1" intLanes=":146_0_0 :146_1_0 :146_12_0 :146_3_0 :146_4_0 :146_13_0 :146_6_0 :146_7_0 :146_14_0 :146_9_0 :146_10_0 :146_15_0" shape="236.25,251.00 243.75,251.00 243.95,248.78 244.56,246.97 245.56,245.56 246.97,244.56 248.78,243.95 251.00,243.75 251.00,232.50 248.78,232.38 246.97,232.00 245.56,231.38 244.56,230.50 243.95,229.38 243.75,228.00 236.25,228.00 235.44,230.50 234.44,231.38 233.03,232.00 231.22,232.38 229.00,232.50 229.00,243.75 231.22,243.95 233.03,244.56 234.44,245.56 235.44,246.97 236.05,248.78">
        <request index="0"  response="000000000000" foes="000100010000" cont="0"/>
        <request index="1"  response="100000100000" foes="111100110000" cont="0"/>
        <request index="2"  response="100010100000" foes="100010110000" cont="1"/>
        <request index="3"  response="000010000000" foes="100010000000" cont="0"/>
        <request index="4"  response="000110000111" foes="100110000111" cont="0"/>
        <request index="5"  response="011110000110" foes="011110000110" cont="1"/>
        <request index="6"  response="000000000000" foes="010000000000" cont="0"/>
        <request index="7"  response="100000100000" foes="110000111100" cont="0"/>
        <request index="8"  response="100000100011" foes="110000110011" cont="1"/>
        <request index="9"  response="000000000010" foes="000000100010" cont="0"/>
        <request index="10" response="000111000010" foes="000111100010" cont="0"/>
        <request index="11" response="000110011110" foes="000110011110" cont="1"/>
    </junction>
    <junction id="148" type="traffic_light" x="5.50" y="240.00" incLanes="217.0.00_0 222.0.00_0 227.0.00_0" intLanes=":148_0_0 :148_6_0 :148_2_0 :148_3_0 :148_4_0 :148_5_0" shape="-3.75,251.00 3.75,251.00 3.95,248.78 4.56,246.97 5.56,245.56 6.97,244.56 8.78,243.95 11.00,243.75 11.00,236.25 8.78,236.05 6.97,235.44 5.56,234.44 4.56,233.03 3.95,231.22 3.75,229.00 -3.75,229.00">
        <request index="0" response="000000" foes="001000" cont="0"/>
        <request index="1" response="110000" foes="111000" cont="1"/>
        <request index="2" response="100000" foes="100000" cont="0"/>
        <request index="3" response="100011" foes="100011" cont="0"/>
        <request index="4" response="000000" foes="000010" cont="0"/>
        <request index="5" response="000000" foes="001110" cont="0"/>
    </junction>
    <junction id="150" type="traffic_light" x="480.00" y="240.00" incLanes="229.0.00_0 242.0.00_0 230.0.00_0 235.0.00_0" intLanes=":150_0_0 :150_1_0 :150_12_0 :150_3_0 :150_4_0 :150_13_0 :150_6_0 :150_7_0 :150_14_0 :150_9_0 :150_10_0 :150_15_0" shape="476.25,251.00 483.75,251.00 483.95,248.78 484.56,246.97 485.56,245.56 486.97,244.56 488.78,243.95 491.00,243.75 491.00,236.25 488.78,236.05 486.97,235.44 485.56,234.44 484.56,233.03 483.95,231.22 483.75,229.00 476.25,229.00 476.05,231.22 475.44,233.03 474.44,234.44 473.03,235.44 471.22,236.05 469.00,236.25 469.00,243.75 471.22,243.95 473.03,244.56 474.44,245.56 475.44,246.97 476.05,248.78">
        <request index="0"  response="000000000000" foes="000100010000" cont="0"/>
        <request index="1"  response="100000100000" foes="111100110000" cont="0"/>
        <request index="2"  response="100011100000" foes="110011110000" cont="1"/>
        <request index="3"  response="000010000000" foes="100010000000" cont="0"/>
        <request index="4"  response="000110000111" foes="100110000111" cont="0"/>
        <request index="5"  response="011110000110" foes="011110000110" cont="1"/>
        <request index="6"  response="000000000000" foes="010000000100" cont="0"/>
        <request index="7"  response="100000100000" foes="110000111100" cont="0"/>
        <request index="8"  response="100000100011" foes="110000110011" cont="1"/>
        <request index="9"  response="000000000010" foes="000000100010" cont="0"/>
        <request index="10" response="000111000110" foes="000111100110" cont="0"/>
        <request index="11" response="000110011110" foes="000110011110" cont="1"/>
    </junction>
    <junction id="152" type="traffic_light" x="240.00" y="474.50" incLanes="256.0.00_0 261.0.00_0 266.0.00_0" intLanes=":152_0_0 :152_6_0 :152_2_0 :152_3_0 :152_4_0 :152_5_0" shape="251.00,483.75 251.00,476.25 248.78,476.05 246.97,475.44 245.56,474.44 244.56,473.03 243.95,471.22 243.75,469.00 236.25,469.00 236.05,471.22 235.44,473.03 234.44,474.44 233.03,475.44 231.22,476.05 229.00,476.25 229.00,483.75">
        <request index="0" response="000000" foes="001000" cont="0"/>
        <request index="1" response="110000" foes="111000" cont="1"/>
        <request index="2" response="100000" foes="100000" cont="0"/>
        <request index="3" response="100011" foes="100011" cont="0"/>
        <request index="4" response="000000" foes="000010" cont="0"/>
        <request index="5" response="000000" foes="001110" cont="0"/>
    </junction>
    <junction id="154" type="traffic_light" x="240.00" y="5.50" incLanes="275.0.00_0 280.0.00_0 270.0.00_0" intLanes=":154_0_0 :154_1_0 :154_2_0 :154_3_0 :154_4_0 :154_6_0" shape="236.25,11.00 243.75,11.00 243.95,8.78 244.56,6.97 245.56,5.56 246.97,4.56 248.78,3.95 251.00,3.75 251.00,-3.75 229.00,-3.75 229.00,3.75 231.22,3.95 233.03,4.56 234.44,5.56 235.44,6.97 236.05,8.78">
        <request index="0" response="001000" foes="001000" cont="0"/>
        <request index="1" response="111000" foes="111000" cont="0"/>
        <request index="2" response="000000" foes="100000" cont="0"/>
        <request index="3" response="000000" foes="100011" cont="0"/>
        <request index="4" response="000000" foes="000010" cont="0"/>
        <request index="5" response="001100" foes="001110" cont="1"/>
    </junction>
    <junction id="202.46.76" type="traffic_light" x="182.24" y="240.00" incLanes="-202.0.00_0 202.46.76_0 202.46.76_1" intLanes=":202.46.76_0_0 :202.46.76_1_0 :202.46.76_1_1" shape="185.40,243.75 185.40,232.50 183.03,233.02 181.45,233.97 180.47,234.34 179.08,234.49 179.08,243.75">
        <request index="0" response="000" foes="000" cont="0"/>
        <request index="1" response="000" foes="000" cont="0"/>
        <request index="2" response="000" foes="000" cont="0"/>
    </junction>
    <junction id="209.46.76" type="traffic_light" x="297.76" y="240.00" incLanes="209.46.76_0 -209.0.00_0 -209.0.00_1" intLanes=":209.46.76_0_0 :209.46.76_1_0 :209.46.76_1_1" shape="299.26,243.75 299.26,234.49 296.26,232.50 296.26,243.75">
        <request index="0" response="000" foes="000" cont="0"/>
        <request index="1" response="000" foes="000" cont="0"/>
        <request index="2" response="000" foes="000" cont="0"/>
    </junction>
    <junction id="222.202" type="priority" x="120.00" y="240.00" incLanes="-202.46.76_0 -222.0.00_0" intLanes=":222.202_0_0 :222.202_1_0" shape="124.00,243.75 124.00,234.49 121.02,234.94 118.98,235.79 117.73,236.12 116.00,236.25 116.00,243.75">
        <request index="0" response="00" foes="00" cont="0"/>
        <request index="1" response="00" foes="00" cont="0"/>
    </junction>
    <junction id="235.209" type="priority" x="360.00" y="240.00" incLanes="-235.0.00_0 -209.46.76_0 -209.46.76_1" intLanes=":235.209_0_0 :235.209_1_0" shape="364.00,243.75 364.00,236.25 361.02,235.79 358.98,234.94 357.73,234.62 356.00,234.49 356.00,243.75">
        <request index="0" response="00" foes="00" cont="0"/>
        <request index="1" response="00" foes="00" cont="0"/>
    </junction>
    <junction id="242.end" type="priority" x="600.00" y="240.00" incLanes="-242.0.00_0" intLanes=":242.end_0_0" shape="600.00,240.00 600.00,236.25 600.00,240.00">
        <request index="0" response="0" foes="0" cont="0"/>
    </junction>
    <junction id="261.196" type="priority" x="240.00" y="360.00" incLanes="-261.0.00_0 -196.0.00_0" intLanes=":261.196_0_0 :261.196_1_0" shape="236.25,360.00 243.75,360.00 236.25,360.00">
        <request index="0" response="00" foes="00" cont="0"/>
        <request index="1" response="00" foes="00" cont="0"/>
    </junction>
    <junction id="267.217" type="priority" x="0.00" y="360.00" incLanes="-267.0.00_0 -217.0.00_0" intLanes=":267.217_0_0 :267.217_1_0" shape="-3.75,360.00 3.75,360.00 -3.75,360.00">
        <request index="0" response="00" foes="00" cont="0"/>
        <request index="1" response="00" foes="00" cont="0"/>
    </junction>
    <junction id="267.266" type="priority" x="120.00" y="480.00" incLanes="-266.0.00_0 267.0.00_0" intLanes=":267.266_0_0 :267.266_1_0" shape="120.00,483.75 120.00,476.25 120.00,483.75">
        <request index="0" response="00" foes="00" cont="0"/>
        <request index="1" response="00" foes="00" cont="0"/>
    </junction>
    <junction id="275.197" type="priority" x="240.00" y="120.00" incLanes="-197.0.00_0 -275.0.00_0" intLanes=":275.197_0_0 :275.197_1_0" shape="236.25,120.00 243.75,120.00 236.25,120.00">
        <request index="0" response="00" foes="00" cont="0"/>
        <request index="1" response="00" foes="00" cont="0"/>
    </junction>
    <junction id="281.227" type="priority" x="0.00" y="120.00" incLanes="-227.0.00_0 281.0.00_0" intLanes=":281.227_0_0 :281.227_1_0" shape="-3.75,120.00 3.75,120.00 -3.75,120.00">
        <request index="0" response="00" foes="00" cont="0"/>
        <request index="1" response="00" foes="00" cont="0"/>
    </junction>
    <junction id="281.270" type="priority" x="120.00" y="0.00" incLanes="-270.0.00_0 -281.0.00_0" intLanes=":281.270_0_0 :281.270_1_0" shape="120.00,3.75 120.00,-3.75 120.00,3.75">
        <request index="0" response="00" foes="00" cont="0"/>
        <request index="1" response="00" foes="00" cont="0"/>
    </junction>
    <junction id="283.230" type="priority" x="480.00" y="120.00" incLanes="-230.0.00_0 283.0.00_0" intLanes=":283.230_0_0 :283.230_1_0" shape="476.25,120.00 483.75,120.00 476.25,120.00">
        <request index="0" response="00" foes="00" cont="0"/>
        <request index="1" response="00" foes="00" cont="0"/>
    </junction>
    <junction id="283.280" type="priority" x="360.00" y="0.00" incLanes="-283.0.00_0 -280.0.00_0" intLanes=":283.280_0_0 :283.280_1_0" shape="360.00,3.75 360.00,-3.75 360.00,3.75">
        <request index="0" response="00" foes="00" cont="0"/>
        <request index="1" response="00" foes="00" cont="0"/>
    </junction>
    <junction id="284.229" type="priority" x="480.00" y="360.00" incLanes="-229.0.00_0" intLanes=":284.229_0_0" shape="480.00,360.00 483.75,360.00 480.00,360.00">
        <request index="0" response="0" foes="0" cont="0"/>
    </junction>
    <junction id="284.256" type="priority" x="360.00" y="480.00" incLanes="-284.0.00_0 -256.0.00_0" intLanes=":284.256_0_0 :284.256_1_0" shape="360.00,483.75 360.00,476.25 360.00,483.75">
        <request index="0" response="00" foes="00" cont="0"/>
        <request index="1" response="00" foes="00" cont="0"/>
    </junction>
    <junction id="284.begin" type="priority" x="480.00" y="360.00" incLanes="284.0.00_0" intLanes=":284.begin_0_0" shape="480.00,360.00 476.25,360.00 480.00,360.00">
        <request index="0" response="0" foes="0" cont="0"/>
    </junction>

    <junction id=":146_12_0" type="internal" x="240.00" y="243.58" incLanes=":146_2_0 197.0.00_0" intLanes=":146_4_0 :146_5_0 :146_6_0 :146_7_0 :146_10_0 :146_11_0"/>
    <junction id=":146_13_0" type="internal" x="240.14" y="236.25" incLanes=":146_5_0 202.0.00_0" intLanes=":146_1_0 :146_2_0 :146_7_0 :146_8_0 :146_9_0 :146_10_0"/>
    <junction id=":146_14_0" type="internal" x="240.00" y="235.99" incLanes=":146_8_0 196.0.00_0" intLanes=":146_0_0 :146_1_0 :146_4_0 :146_5_0 :146_10_0 :146_11_0"/>
    <junction id=":146_15_0" type="internal" x="236.42" y="240.00" incLanes=":146_11_0 209.0.00_0" intLanes=":146_1_0 :146_2_0 :146_3_0 :146_4_0 :146_7_0 :146_8_0"/>
    <junction id=":148_6_0" type="internal" x="0.00" y="243.58" incLanes=":148_1_0 227.0.00_0" intLanes=":148_3_0 :148_4_0 :148_5_0"/>
    <junction id=":150_12_0" type="internal" x="480.00" y="243.58" incLanes=":150_2_0 230.0.00_0" intLanes=":150_4_0 :150_5_0 :150_6_0 :150_7_0 :150_10_0 :150_11_0"/>
    <junction id=":150_13_0" type="internal" x="483.58" y="240.00" incLanes=":150_5_0 235.0.00_0" intLanes=":150_1_0 :150_2_0 :150_7_0 :150_8_0 :150_9_0 :150_10_0"/>
    <junction id=":150_14_0" type="internal" x="480.00" y="236.42" incLanes=":150_8_0 229.0.00_0" intLanes=":150_0_0 :150_1_0 :150_4_0 :150_5_0 :150_10_0 :150_11_0"/>
    <junction id=":150_15_0" type="internal" x="476.42" y="240.00" incLanes=":150_11_0 242.0.00_0" intLanes=":150_1_0 :150_2_0 :150_3_0 :150_4_0 :150_7_0 :150_8_0"/>
    <junction id=":152_6_0" type="internal" x="243.58" y="480.00" incLanes=":152_1_0 266.0.00_0" intLanes=":152_3_0 :152_4_0 :152_5_0"/>
    <junction id=":154_6_0" type="internal" x="236.42" y="0.00" incLanes=":154_5_0 280.0.00_0" intLanes=":154_1_0 :154_2_0 :154_3_0"/>

    <connection from="-196.0.00" to="261.0.00" fromLane="0" toLane="0" via=":261.196_1_0" dir="s" state="M"/>
    <connection from="-197.0.00" to="275.0.00" fromLane="0" toLane="0" via=":275.197_0_0" dir="s" state="M"/>
    <connection from="-202.0.00" to="-202.46.76" fromLane="0" toLane="0" via=":202.46.76_0_0" tl="202.46.76" linkIndex="0" dir="s" state="O"/>
    <connection from="-202.46.76" to="222.0.00" fromLane="0" toLane="0" via=":222.202_0_0" dir="s" state="M"/>
    <connection from="-209.0.00" to="-209.46.76" fromLane="0" toLane="0" via=":209.46.76_1_0" tl="209.46.76" linkIndex="1" dir="s" state="O"/>
    <connection from="-209.0.00" to="-209.46.76" fromLane="1" toLane="1" via=":209.46.76_1_1" tl="209.46.76" linkIndex="2" dir="s" state="O"/>
    <connection from="-209.46.76" to="235.0.00" fromLane="1" toLane="0" via=":235.209_1_0" dir="s" state="M"/>
    <connection from="-217.0.00" to="267.0.00" fromLane="0" toLane="0" via=":267.217_1_0" dir="s" state="M"/>
    <connection from="-222.0.00" to="202.46.76" fromLane="0" toLane="0" via=":222.202_1_0" dir="s" state="M"/>
    <connection from="-227.0.00" to="-281.0.00" fromLane="0" toLane="0" via=":281.227_0_0" dir="s" state="M"/>
    <connection from="-229.0.00" to="229.0.00" fromLane="0" toLane="0" via=":284.229_0_0" dir="t" state="M"/>
    <connection from="-230.0.00" to="-283.0.00" fromLane="0" toLane="0" via=":283.230_0_0" dir="s" state="M"/>
    <connection from="-235.0.00" to="209.46.76" fromLane="0" toLane="0" via=":235.209_0_0" dir="s" state="M"/>
    <connection from="-242.0.00" to="242.0.00" fromLane="0" toLane="0" via=":242.end_0_0" dir="t" state="M"/>
    <connection from="-256.0.00" to="284.0.00" fromLane="0" toLane="0" via=":284.256_1_0" dir="s" state="M"/>
    <connection from="-261.0.00" to="196.0.00" fromLane="0" toLane="0" via=":261.196_0_0" dir="s" state="M"/>
    <connection from="-266.0.00" to="-267.0.00" fromLane="0" toLane="0" via=":267.266_0_0" dir="s" state="M"/>
    <connection from="-267.0.00" to="217.0.00" fromLane="0" toLane="0" via=":267.217_0_0" dir="s" state="M"/>
    <connection from="-270.0.00" to="281.0.00" fromLane="0" toLane="0" via=":281.270_0_0" dir="s" state="M"/>
    <connection from="-275.0.00" to="197.0.00" fromLane="0" toLane="0" via=":275.197_1_0" dir="s" state="M"/>
    <connection from="-280.0.00" to="283.0.00" fromLane="0" toLane="0" via=":283.280_1_0" dir="s" state="M"/>
    <connection from="-281.0.00" to="270.0.00" fromLane="0" toLane="0" via=":281.270_1_0" dir="s" state="M"/>
    <connection from="-283.0.00" to="280.0.00" fromLane="0" toLane="0" via=":283.280_0_0" dir="s" state="M"/>
    <connection from="-284.0.00" to="256.0.00" fromLane="0" toLane="0" via=":284.256_0_0" dir="s" state="M"/>
    <connection from="196.0.00" to="-202.0.00" fromLane="0" toLane="0" via=":146_0_0" tl="146" linkIndex="0" dir="r" state="O">
        <param key="signalID" value="291"/>
    </connection>
    <connection from="196.0.00" to="-197.0.00" fromLane="0" toLane="0" via=":146_1_0" tl="146" linkIndex="1" dir="s" state="O">
        <param key="signalID" value="291"/>
    </connection>
    <connection from="196.0.00" to="-209.0.00" fromLane="0" toLane="1" via=":146_2_0" tl="146" linkIndex="2" dir="l" state="o">
        <param key="signalID" value="291"/>
    </connection>
    <connection from="197.0.00" to="-209.0.00" fromLane="0" toLane="0" via=":146_6_0" tl="146" linkIndex="6" dir="r" state="O">
        <param key="signalID" value="281"/>
    </connection>
    <connection from="197.0.00" to="-196.0.00" fromLane="0" toLane="0" via=":146_7_0" tl="146" linkIndex="7" dir="s" state="O">
        <param key="signalID" value="281"/>
    </connection>
    <connection from="197.0.00" to="-202.0.00" fromLane="0" toLane="0" via=":146_8_0" tl="146" linkIndex="8" dir="l" state="o">
        <param key="signalID" value="281"/>
    </connection>
    <connection from="202.0.00" to="-197.0.00" fromLane="0" toLane="0" via=":146_9_0" tl="146" linkIndex="9" dir="r" state="o"/>
    <connection from="202.0.00" to="-209.0.00" fromLane="0" toLane="0" via=":146_10_0" tl="146" linkIndex="10" dir="s" state="o"/>
    <connection from="202.0.00" to="-196.0.00" fromLane="1" toLane="0" via=":146_11_0" tl="146" linkIndex="11" dir="l" state="o"/>
    <connection from="202.46.76" to="202.0.00" fromLane="0" toLane="0" via=":202.46.76_1_0" tl="202.46.76" linkIndex="1" dir="s" state="O">
        <param key="signalID" value="295"/>
    </connection>
    <connection from="202.46.76" to="202.0.00" fromLane="1" toLane="1" via=":202.46.76_1_1" tl="202.46.76" linkIndex="2" dir="s" state="O">
        <param key="signalID" value="295"/>
    </connection>
    <connection from="209.0.00" to="-196.0.00" fromLane="0" toLane="0" via=":146_3_0" tl="146" linkIndex="3" dir="r" state="o"/>
    <connection from="209.0.00" to="-202.0.00" fromLane="0" toLane="0" via=":146_4_0" tl="146" linkIndex="4" dir="s" state="o"/>
    <connection from="209.0.00" to="-197.0.00" fromLane="0" toLane="0" via=":146_5_0" tl="146" linkIndex="5" dir="l" state="o"/>
    <connection from="209.46.76" to="209.0.00" fromLane="0" toLane="0" via=":209.46.76_0_0" tl="209.46.76" linkIndex="0" dir="s" state="O">
        <param key="signalID" value="288"/>
    </connection>
    <connection from="217.0.00" to="-227.0.00" fromLane="0" toLane="0" via=":148_0_0" tl="148" linkIndex="0" dir="s" state="O">
        <param key="signalID" value="9385"/>
    </connection>
    <connection from="217.0.00" to="-222.0.00" fromLane="0" toLane="0" via=":148_1_0" tl="148" linkIndex="1" dir="l" state="o">
        <param key="signalID" value="9385"/>
    </connection>
    <connection from="222.0.00" to="-217.0.00" fromLane="0" toLane="0" via=":148_2_0" tl="148" linkIndex="2" dir="r" state="o">
        <param key="signalID" value="6351"/>
    </connection>
    <connection from="222.0.00" to="-227.0.00" fromLane="0" toLane="0" via=":148_3_0" tl="148" linkIndex="3" dir="l" state="o">
        <param key="signalID" value="6351"/>
    </connection>
    <connection from="227.0.00" to="-222.0.00" fromLane="0" toLane="0" via=":148_4_0" tl="148" linkIndex="4" dir="r" state="O">
        <param key="signalID" value="3318"/>
    </connection>
    <connection from="227.0.00" to="-217.0.00" fromLane="0" toLane="0" via=":148_5_0" tl="148" linkIndex="5" dir="s" state="O">
        <param key="signalID" value="3318"/>
    </connection>
    <connection from="229.0.00" to="-235.0.00" fromLane="0" toLane="0" via=":150_0_0" tl="150" linkIndex="0" dir="r" state="O">
        <param key="signalID" value="15441"/>
    </connection>
    <connection from="229.0.00" to="-230.0.00" fromLane="0" toLane="0" via=":150_1_0" tl="150" linkIndex="1" dir="s" state="O">
        <param key="signalID" value="15441"/>
    </connection>
    <connection from="229.0.00" to="-242.0.00" fromLane="0" toLane="0" via=":150_2_0" tl="150" linkIndex="2" dir="l" state="o">
        <param key="signalID" value="15441"/>
    </connection>
    <connection from="230.0.00" to="-242.0.00" fromLane="0" toLane="0" via=":150_6_0" tl="150" linkIndex="6" dir="r" state="O">
        <param key="signalID" value="21495"/>
    </connection>
    <connection from="230.0.00" to="-229.0.00" fromLane="0" toLane="0" via=":150_7_0" tl="150" linkIndex="7" dir="s" state="O">
        <param key="signalID" value="21495"/>
    </connection>
    <connection from="230.0.00" to="-235.0.00" fromLane="0" toLane="0" via=":150_8_0" tl="150" linkIndex="8" dir="l" state="o">
        <param key="signalID" value="21495"/>
    </connection>
    <connection from="235.0.00" to="-230.0.00" fromLane="0" toLane="0" via=":150_9_0" tl="150" linkIndex="9" dir="r" state="o">
        <param key="signalID" value="18475"/>
    </connection>
    <connection from="235.0.00" to="-242.0.00" fromLane="0" toLane="0" via=":150_10_0" tl="150" linkIndex="10" dir="s" state="o">
        <param key="signalID" value="18475"/>
    </connection>
    <connection from="235.0.00" to="-229.0.00" fromLane="0" toLane="0" via=":150_11_0" tl="150" linkIndex="11" dir="l" state="o">
        <param key="signalID" value="18475"/>
    </connection>
    <connection from="242.0.00" to="-229.0.00" fromLane="0" toLane="0" via=":150_3_0" tl="150" linkIndex="3" dir="r" state="o">
        <param key="signalID" value="12408"/>
    </connection>
    <connection from="242.0.00" to="-235.0.00" fromLane="0" toLane="0" via=":150_4_0" tl="150" linkIndex="4" dir="s" state="o">
        <param key="signalID" value="12408"/>
    </connection>
    <connection from="242.0.00" to="-230.0.00" fromLane="0" toLane="0" via=":150_5_0" tl="150" linkIndex="5" dir="l" state="o">
        <param key="signalID" value="12408"/>
    </connection>
    <connection from="256.0.00" to="-266.0.00" fromLane="0" toLane="0" via=":152_0_0" tl="152" linkIndex="0" dir="s" state="O">
        <param key="signalID" value="30595"/>
    </connection>
    <connection from="256.0.00" to="-261.0.00" fromLane="0" toLane="0" via=":152_1_0" tl="152" linkIndex="1" dir="l" state="o">
        <param key="signalID" value="30595"/>
    </connection>
    <connection from="261.0.00" to="-256.0.00" fromLane="0" toLane="0" via=":152_2_0" tl="152" linkIndex="2" dir="r" state="o">
        <param key="signalID" value="27561"/>
    </connection>
    <connection from="261.0.00" to="-266.0.00" fromLane="0" toLane="0" via=":152_3_0" tl="152" linkIndex="3" dir="l" state="o">
        <param key="signalID" value="27561"/>
    </connection>
    <connection from="266.0.00" to="-261.0.00" fromLane="0" toLane="0" via=":152_4_0" tl="152" linkIndex="4" dir="r" state="O">
        <param key="signalID" value="24528"/>
    </connection>
    <connection from="266.0.00" to="-256.0.00" fromLane="0" toLane="0" via=":152_5_0" tl="152" linkIndex="5" dir="s" state="O">
        <param key="signalID" value="24528"/>
    </connection>
    <connection from="267.0.00" to="266.0.00" fromLane="0" toLane="0" via=":267.266_1_0" dir="s" state="M"/>
    <connection from="270.0.00" to="-280.0.00" fromLane="0" toLane="0" via=":154_4_0" tl="154" linkIndex="4" dir="s" state="O">
        <param key="signalID" value="39685"/>
    </connection>
    <connection from="270.0.00" to="-275.0.00" fromLane="0" toLane="0" via=":154_5_0" tl="154" linkIndex="5" dir="l" state="o">
        <param key="signalID" value="39685"/>
    </connection>
    <connection from="275.0.00" to="-270.0.00" fromLane="0" toLane="0" via=":154_0_0" tl="154" linkIndex="0" dir="r" state="o">
        <param key="signalID" value="36651"/>
    </connection>
    <connection from="275.0.00" to="-280.0.00" fromLane="0" toLane="0" via=":154_1_0" tl="154" linkIndex="1" dir="l" state="o">
        <param key="signalID" value="36651"/>
    </connection>
    <connection from="280.0.00" to="-275.0.00" fromLane="0" toLane="0" via=":154_2_0" tl="154" linkIndex="2" dir="r" state="O">
        <param key="signalID" value="33618"/>
    </connection>
    <connection from="280.0.00" to="-270.0.00" fromLane="0" toLane="0" via=":154_3_0" tl="154" linkIndex="3" dir="s" state="O">
        <param key="signalID" value="33618"/>
    </connection>
    <connection from="281.0.00" to="227.0.00" fromLane="0" toLane="0" via=":281.227_1_0" dir="s" state="M"/>
    <connection from="283.0.00" to="230.0.00" fromLane="0" toLane="0" via=":283.230_1_0" dir="s" state="M"/>
    <connection from="284.0.00" to="-284.0.00" fromLane="0" toLane="0" via=":284.begin_0_0" dir="t" state="M"/>

    <connection from=":146_0" to="-202.0.00" fromLane="0" toLane="0" dir="r" state="M"/>
    <connection from=":146_1" to="-197.0.00" fromLane="0" toLane="0" dir="s" state="M"/>
    <connection from=":146_2" to="-209.0.00" fromLane="0" toLane="1" via=":146_12_0" dir="l" state="m"/>
    <connection from=":146_12" to="-209.0.00" fromLane="0" toLane="1" dir="l" state="M"/>
    <connection from=":146_3" to="-196.0.00" fromLane="0" toLane="0" dir="r" state="M"/>
    <connection from=":146_4" to="-202.0.00" fromLane="0" toLane="0" dir="s" state="M"/>
    <connection from=":146_5" to="-197.0.00" fromLane="0" toLane="0" via=":146_13_0" dir="l" state="m"/>
    <connection from=":146_13" to="-197.0.00" fromLane="0" toLane="0" dir="l" state="M"/>
    <connection from=":146_6" to="-209.0.00" fromLane="0" toLane="0" dir="r" state="M"/>
    <connection from=":146_7" to="-196.0.00" fromLane="0" toLane="0" dir="s" state="M"/>
    <connection from=":146_8" to="-202.0.00" fromLane="0" toLane="0" via=":146_14_0" dir="l" state="m"/>
    <connection from=":146_14" to="-202.0.00" fromLane="0" toLane="0" dir="l" state="M"/>
    <connection from=":146_9" to="-197.0.00" fromLane="0" toLane="0" dir="r" state="M"/>
    <connection from=":146_10" to="-209.0.00" fromLane="0" toLane="0" dir="s" state="M"/>
    <connection from=":146_11" to="-196.0.00" fromLane="0" toLane="0" via=":146_15_0" dir="l" state="m"/>
    <connection from=":146_15" to="-196.0.00" fromLane="0" toLane="0" dir="l" state="M"/>
    <connection from=":148_0" to="-227.0.00" fromLane="0" toLane="0" dir="s" state="M"/>
    <connection from=":148_1" to="-222.0.00" fromLane="0" toLane="0" via=":148_6_0" dir="l" state="m"/>
    <connection from=":148_6" to="-222.0.00" fromLane="0" toLane="0" dir="l" state="M"/>
    <connection from=":148_2" to="-217.0.00" fromLane="0" toLane="0" dir="r" state="M"/>
    <connection from=":148_3" to="-227.0.00" fromLane="0" toLane="0" dir="l" state="M"/>
    <connection from=":148_4" to="-222.0.00" fromLane="0" toLane="0" dir="r" state="M"/>
    <connection from=":148_5" to="-217.0.00" fromLane="0" toLane="0" dir="s" state="M"/>
    <connection from=":150_0" to="-235.0.00" fromLane="0" toLane="0" dir="r" state="M"/>
    <connection from=":150_1" to="-230.0.00" fromLane="0" toLane="0" dir="s" state="M"/>
    <connection from=":150_2" to="-242.0.00" fromLane="0" toLane="0" via=":150_12_0" dir="l" state="m"/>
    <connection from=":150_12" to="-242.0.00" fromLane="0" toLane="0" dir="l" state="M"/>
    <connection from=":150_3" to="-229.0.00" fromLane="0" toLane="0" dir="r" state="M"/>
    <connection from=":150_4" to="-235.0.00" fromLane="0" toLane="0" dir="s" state="M"/>
    <connection from=":150_5" to="-230.0.00" fromLane="0" toLane="0" via=":150_13_0" dir="l" state="m"/>
    <connection from=":150_13" to="-230.0.00" fromLane="0" toLane="0" dir="l" state="M"/>
    <connection from=":150_6" to="-242.0.00" fromLane="0" toLane="0" dir="r" state="M"/>
    <connection from=":150_7" to="-229.0.00" fromLane="0" toLane="0" dir="s" state="M"/>
    <connection from=":150_8" to="-235.0.00" fromLane="0" toLane="0" via=":150_14_0" dir="l" state="m"/>
    <connection from=":150_14" to="-235.0.00" fromLane="0" toLane="0" dir="l" state="M"/>
    <connection from=":150_9" to="-230.0.00" fromLane="0" toLane="0" dir="r" state="M"/>
    <connection from=":150_10" to="-242.0.00" fromLane="0" toLane="0" dir="s" state="M"/>
    <connection from=":150_11" to="-229.0.00" fromLane="0" toLane="0" via=":150_15_0" dir="l" state="m"/>
    <connection from=":150_15" to="-229.0.00" fromLane="0" toLane="0" dir="l" state="M"/>
    <connection from=":152_0" to="-266.0.00" fromLane="0" toLane="0" dir="s" state="M"/>
    <connection from=":152_1" to="-261.0.00" fromLane="0" toLane="0" via=":152_6_0" dir="l" state="m"/>
    <connection from=":152_6" to="-261.0.00" fromLane="0" toLane="0" dir="l" state="M"/>
    <connection from=":152_2" to="-256.0.00" fromLane="0" toLane="0" dir="r" state="M"/>
    <connection from=":152_3" to="-266.0.00" fromLane="0" toLane="0" dir="l" state="M"/>
    <connection from=":152_4" to="-261.0.00" fromLane="0" toLane="0" dir="r" state="M"/>
    <connection from=":152_5" to="-256.0.00" fromLane="0" toLane="0" dir="s" state="M"/>
    <connection from=":154_0" to="-270.0.00" fromLane="0" toLane="0" dir="r" state="M"/>
    <connection from=":154_1" to="-280.0.00" fromLane="0" toLane="0" dir="l" state="M"/>
    <connection from=":154_2" to="-275.0.00" fromLane="0" toLane="0" dir="r" state="M"/>
    <connection from=":154_3" to="-270.0.00" fromLane="0" toLane="0" dir="s" state="M"/>
    <connection from=":154_4" to="-280.0.00" fromLane="0" toLane="0" dir="s" state="M"/>
    <connection from=":154_5" to="-275.0.00" fromLane="0" toLane="0" via=":154_6_0" dir="l" state="m"/>
    <connection from=":154_6" to="-275.0.00" fromLane="0" toLane="0" dir="l" state="M"/>
    <connection from=":202.46.76_0" to="-202.46.76" fromLane="0" toLane="0" dir="s" state="M"/>
    <connection from=":202.46.76_1" to="202.0.00" fromLane="0" toLane="0" dir="s" state="M"/>
    <connection from=":202.46.76_1" to="202.0.00" fromLane="1" toLane="1" dir="s" state="M"/>
    <connection from=":209.46.76_0" to="209.0.00" fromLane="0" toLane="0" dir="s" state="M"/>
    <connection from=":209.46.76_1" to="-209.46.76" fromLane="0" toLane="0" dir="s" state="M"/>
    <connection from=":209.46.76_1" to="-209.46.76" fromLane="1" toLane="1" dir="s" state="M"/>
    <connection from=":222.202_0" to="222.0.00" fromLane="0" toLane="0" dir="s" state="M"/>
    <connection from=":222.202_1" to="202.46.76" fromLane="0" toLane="0" dir="s" state="M"/>
    <connection from=":235.209_0" to="209.46.76" fromLane="0" toLane="0" dir="s" state="M"/>
    <connection from=":235.209_1" to="235.0.00" fromLane="0" toLane="0" dir="s" state="M"/>
    <connection from=":242.end_0" to="242.0.00" fromLane="0" toLane="0" dir="t" state="M"/>
    <connection from=":261.196_0" to="196.0.00" fromLane="0" toLane="0" dir="s" state="M"/>
    <connection from=":261.196_1" to="261.0.00" fromLane="0" toLane="0" dir="s" state="M"/>
    <connection from=":267.217_0" to="217.0.00" fromLane="0" toLane="0" dir="s" state="M"/>
    <connection from=":267.217_1" to="267.0.00" fromLane="0" toLane="0" dir="s" state="M"/>
    <connection from=":267.266_0" to="-267.0.00" fromLane="0" toLane="0" dir="s" state="M"/>
    <connection from=":267.266_1" to="266.0.00" fromLane="0" toLane="0" dir="s" state="M"/>
    <connection from=":275.197_0" to="275.0.00" fromLane="0" toLane="0" dir="s" state="M"/>
    <connection from=":275.197_1" to="197.0.00" fromLane="0" toLane="0" dir="s" state="M"/>
    <connection from=":281.227_0" to="-281.0.00" fromLane="0" toLane="0" dir="s" state="M"/>
    <connection from=":281.227_1" to="227.0.00" fromLane="0" toLane="0" dir="s" state="M"/>
    <connection from=":281.270_0" to="281.0.00" fromLane="0" toLane="0" dir="s" state="M"/>
    <connection from=":281.270_1" to="270.0.00" fromLane="0" toLane="0" dir="s" state="M"/>
    <connection from=":283.230_0" to="-283.0.00" fromLane="0" toLane="0" dir="s" state="M"/>
    <connection from=":283.230_1" to="230.0.00" fromLane="0" toLane="0" dir="s" state="M"/>
    <connection from=":283.280_0" to="280.0.00" fromLane="0" toLane="0" dir="s" state="M"/>
    <connection from=":283.280_1" to="283.0.00" fromLane="0" toLane="0" dir="s" state="M"/>
    <connection from=":284.229_0" to="229.0.00" fromLane="0" toLane="0" dir="t" state="M"/>
    <connection from=":284.256_0" to="256.0.00" fromLane="0" toLane="0" dir="s" state="M"/>
    <connection from=":284.256_1" to="284.0.00" fromLane="0" toLane="0" dir="s" state="M"/>
    <connection from=":284.begin_0" to="-284.0.00" fromLane="0" toLane="0" dir="t" state="M"/>

</net>
